Timepoint,Fragment ,Treatment,Temperature,T-T,Height 1,Height 2,Height 3,H.AVG,Planar 1,Planar 2,Planar 3,P.AVG,SA,RGR
T0,P-1-1,C,AMB,C-AMB,2.828,2.785,2.802,2.8050,7.549,7.568,7.668,7.595,21.304,1
T3,P-1-1,C,AMB,C-AMB,3.093,3.054,3.064,3.0703,8.553,8.656,8.561,8.590,26.374,1.237992597
T0,P-1-10,I,HEAT,I-HEAT,2.683,2.705,2.683,2.6903,5.165,5.100,5.107,5.124,13.785,1
T3,P-1-10,I,HEAT,I-HEAT,2.989,2.999,2.999,2.9957,4.905,5.135,5.154,5.065,15.172,1.100599068
T0,P-1-11,G,AMB,G-AMB,2.478,2.368,2.389,2.4117,7.315,7.418,7.504,7.412,17.876,1
T3,P-1-11,G,AMB,G-AMB,2.945,2.918,2.936,2.9330,8.504,8.336,8.454,8.431,24.729,1.383362824
T0,P-1-12,G,AMB,G-AMB,2.471,2.51,2.519,2.5000,7.389,7.493,7.414,7.432,18.580,1
T3,P-1-12,G,AMB,G-AMB,2.633,2.643,2.585,2.6203,9.387,9.114,9.039,9.180,24.055,1.294653391
T0,P-1-15,G,HEAT,G-HEAT,3.283,3.272,3.293,3.2827,10.866,10.860,10.825,10.850,35.618,1
T3,P-1-15,G,HEAT,G-HEAT,3.399,3.408,3.398,3.4017,11.309,11.204,11.070,11.194,38.079,1.069104416
T0,P-1-16,E,AMB,E-AMB,4.039,4.039,4.048,4.0420,8.661,8.634,8.635,8.643,34.936,1
T3,P-1-16,E,AMB,E-AMB,4.514,4.496,4.541,4.5170,9.128,9.129,9.020,9.092,41.070,1.175568305
T0,P-1-17,E,AMB,E-AMB,4.111,4.131,4.111,4.1177,7.487,7.513,7.571,7.524,30.980,1
T3,P-1-17,E,AMB,E-AMB,4.373,4.339,4.373,4.3617,8.153,8.331,8.363,8.282,36.125,1.166069524
T0,P-1-2,C,AMB,C-AMB,2.256,2.274,2.292,2.2740,5.646,5.685,5.626,5.652,12.853,1
T3,P-1-2,C,AMB,C-AMB,2.297,2.268,2.278,2.2810,6.667,6.664,6.659,6.663,15.199,1.182493055
T0,P-1-20,E,HEAT,E-HEAT,2.379,2.4,2.41,2.3963,7.762,7.418,7.522,7.567,18.134,1
T3,P-1-20,E,HEAT,E-HEAT,2.475,2.484,2.514,2.4910,8.372,8.281,8.300,8.318,20.719,1.142576128
T0,P-1-22,C,HEAT,C-HEAT,4.65,4.592,4.604,4.6153,8.233,8.169,8.119,8.174,37.724,1
T3,P-1-22,C,HEAT,C-HEAT,4.087,4.087,4.078,4.0840,8.962,8.781,8.929,8.891,36.309,0.9624985103
T0,P-1-23,I,HEAT,I-HEAT,4.251,4.241,4.232,4.2413,8.195,8.070,8.141,8.135,34.505,1
T3,P-1-23,I,HEAT,I-HEAT,3.175,3.147,3.175,3.1657,9.014,9.089,9.401,9.168,29.023,0.8411278832
T0,P-1-24,G,HEAT,G-HEAT,4.319,4.318,4.288,4.3083,10.494,10.491,10.388,10.458,45.055,1
T3,P-1-24,G,HEAT,G-HEAT,3.49,3.49,3.49,3.4900,11.420,11.385,11.177,11.327,39.532,0.8774230031
T0,P-1-25,E,HEAT,E-HEAT,2.375,2.375,2.374,2.3747,6.080,5.969,5.876,5.975,14.189,1
T3,P-1-25,E,HEAT,E-HEAT,2.575,2.575,2.575,2.5750,6.598,6.530,6.591,6.573,16.925,1.192889731
T0,P-1-5,C,HEAT,C-HEAT,2.768,2.747,2.736,2.7503,4.084,4.177,4.127,4.129,11.357,1
T3,P-1-5,C,HEAT,C-HEAT,3.066,3.075,3.056,3.0657,4.600,4.474,4.506,4.527,13.877,1.221907056
T0,P-1-6,I,AMB,I-AMB,2.738,2.701,2.737,2.7253,6.964,6.886,7.054,6.968,18.990,1
T3,P-1-6,I,AMB,I-AMB,2.881,2.899,2.89,2.8900,8.147,8.118,8.058,8.108,23.431,1.233860206
T0,P-1-7,I,AMB,I-AMB,2.281,2.273,2.239,2.2643,5.720,5.531,5.522,5.591,12.660,1
T3,P-1-7,I,AMB,I-AMB,2.212,2.249,2.23,2.2303,6.196,6.097,6.179,6.157,13.733,1.084757317
T0,P-2-1,C,AMB,C-AMB,2.988,2.988,3.014,2.9967,9.611,9.470,9.442,9.508,28.491,1
T3,P-2-1,C,AMB,C-AMB,3.25,3.25,3.279,3.2597,10.665,10.747,10.576,10.663,34.757,1.219906765
T0,P-2-10,I,HEAT,I-HEAT,2.957,2.976,2.957,2.9633,9.658,9.739,9.494,9.630,28.538,1
T3,P-2-10,I,HEAT,I-HEAT,3.514,3.485,3.446,3.4817,9.898,9.844,9.725,9.822,34.198,1.198339934
T0,P-2-11,G,AMB,G-AMB,3.58,3.56,3.58,3.5733,11.105,10.676,10.954,10.912,38.991,1
T3,P-2-11,G,AMB,G-AMB,3.717,3.717,3.65,3.6947,12.964,12.737,13.013,12.905,47.678,1.222805637
T0,P-2-12,G,AMB,G-AMB,3.17,3.137,3.186,3.1643,8.758,8.772,8.666,8.732,27.631,1
T3,P-2-12,G,AMB,G-AMB,3.18,3.191,3.151,3.1740,9.607,9.372,9.469,9.483,30.098,1.089284826
T0,P-2-15,G,HEAT,G-HEAT,2.529,2.529,2.462,2.5067,11.397,11.303,11.424,11.375,28.512,1
T3,P-2-15,G,HEAT,G-HEAT,3.478,3.488,3.459,3.4750,11.102,11.107,11.179,11.129,38.674,1.356402853
T0,P-2-16,E,AMB,E-AMB,3.482,3.471,3.461,3.4713,7.878,7.899,7.836,7.871,27.323,1
T3,P-2-16,E,AMB,E-AMB,3.691,3.775,3.756,3.7407,7.526,7.507,7.584,7.539,28.201,1.032135039
T0,P-2-17,E,AMB,E-AMB,3.496,3.506,3.486,3.4960,7.663,7.672,7.699,7.678,26.842,1
T3,P-2-17,E,AMB,E-AMB,3.666,3.656,3.705,3.6757,8.367,8.423,8.280,8.357,30.716,1.144325741
T0,P-2-2,C,AMB,C-AMB,3.635,3.592,3.617,3.6147,6.296,6.191,6.300,6.262,22.636,1
T3,P-2-2,C,AMB,C-AMB,3.868,3.82,3.849,3.8457,7.564,7.415,7.366,7.448,28.644,1.265395563
T0,P-2-20,E,HEAT,E-HEAT,4.586,4.586,4.586,4.5860,10.847,10.902,10.929,10.893,49.954,1
T3,P-2-20,E,HEAT,E-HEAT,4.661,4.651,4.614,4.6420,11.271,11.060,11.026,11.119,51.614,1.033243311
T0,P-2-22,C,HEAT,C-HEAT,3.796,3.806,3.796,3.7993,9.142,9.266,9.190,9.199,34.951,1
T3,P-2-22,C,HEAT,C-HEAT,3.827,3.846,3.779,3.8173,10.070,9.938,9.806,9.938,37.937,1.085413762
T0,P-2-23,I,HEAT,I-HEAT,2.849,2.849,2.838,2.8453,8.119,8.120,8.117,8.119,23.100,1
T3,P-2-23,I,HEAT,I-HEAT,3.062,3.033,3.052,3.0490,8.167,8.297,8.170,8.211,25.036,1.083810226
T0,P-2-24,G,HEAT,G-HEAT,3.165,3.111,3.133,3.1363,9.745,9.896,9.729,9.790,30.705,1
T3,P-2-24,G,HEAT,G-HEAT,4.437,4.41,4.401,4.4160,10.704,10.927,10.588,10.740,47.426,1.544596197
T0,P-2-25,E,HEAT,E-HEAT,3.669,3.648,3.598,3.6383,13.496,13.207,13.365,13.356,48.594,1
T3,P-2-25,E,HEAT,E-HEAT,3.792,3.754,3.745,3.7637,13.608,13.795,13.612,13.672,51.456,1.058897001
T0,P-2-5,C,HEAT,C-HEAT,3.389,3.347,3.316,3.3507,9.840,9.899,9.980,9.906,33.193,1
T3,P-2-5,C,HEAT,C-HEAT,3.417,3.465,3.426,3.4360,9.730,9.503,9.596,9.610,33.019,0.9947577151
T0,P-2-6,I,AMB,I-AMB,3.491,3.438,3.482,3.4703,11.165,11.199,11.146,11.170,38.764,1
T3,P-2-6,I,AMB,I-AMB,3.588,3.597,3.579,3.5880,12.925,12.962,12.937,12.941,46.434,1.197862842
T0,P-2-7,I,AMB,I-AMB,3.759,3.732,3.707,3.7327,6.328,6.348,6.447,6.374,23.793,1
T3,P-2-7,I,AMB,I-AMB,3.982,3.973,3.964,3.9730,7.088,7.100,6.958,7.049,28.004,1.176986711
T0,P-3-1,C,AMB,C-AMB,3.654,3.575,3.636,3.6217,7.235,7.240,7.226,7.234,26.198,1
T3,P-3-1,C,AMB,C-AMB,3.723,3.723,3.685,3.7103,7.302,7.304,7.337,7.314,27.139,1.035906858
T0,P-3-10,I,HEAT,I-HEAT,3.704,3.743,3.666,3.7043,8.885,8.870,8.940,8.898,32.962,1
T3,P-3-10,I,HEAT,I-HEAT,4.009,3.97,3.97,3.9830,8.551,8.588,8.585,8.575,34.153,1.036117055
T0,P-3-11,G,AMB,G-AMB,4.038,4,4.038,4.0253,6.565,6.709,6.717,6.664,26.823,1
T3,P-3-11,G,AMB,G-AMB,4.112,4.094,4.103,4.1030,7.418,7.339,7.341,7.366,30.223,1.126725485
T0,P-3-12,G,AMB,G-AMB,4.422,4.422,4.404,4.4160,10.099,10.178,10.377,10.218,45.123,1
T3,P-3-12,G,AMB,G-AMB,4.562,4.494,4.503,4.5197,9.851,9.886,10.073,9.937,44.910,0.9952957836
T0,P-3-16,E,AMB,E-AMB,3.121,3.154,3.121,3.1320,7.460,7.276,7.422,7.386,23.133,1
T3,P-3-16,E,AMB,E-AMB,3.34,3.331,3.322,3.3310,6.929,6.867,6.870,6.889,22.946,0.9919247948
T0,P-3-17,E,AMB,E-AMB,3.915,3.916,3.905,3.9120,6.953,7.070,6.951,6.991,27.350,1
T3,P-3-17,E,AMB,E-AMB,3.975,3.943,3.942,3.9533,6.799,6.826,6.768,6.798,26.873,0.9825721351
T0,P-3-2,C,AMB,C-AMB,4.435,4.409,4.418,4.4207,6.164,5.874,6.019,6.019,26.608,1
T3,P-3-2,C,AMB,C-AMB,4.45,4.459,4.46,4.4563,6.375,6.383,6.344,6.367,28.375,1.066407381
T0,P-3-20,E,HEAT,E-HEAT,5.047,5.156,5.156,5.1197,9.675,9.515,9.674,9.621,49.258,1
T3,P-3-20,E,HEAT,E-HEAT,5.285,5.237,5.286,5.2693,10.874,10.541,10.540,10.652,56.127,1.139452677
T0,P-3-22,C,HEAT,C-HEAT,3.976,3.999,3.976,3.9837,7.846,7.996,7.913,7.918,31.544,1
T3,P-3-22,C,HEAT,C-HEAT,3.979,3.969,3.978,3.9753,7.722,7.696,7.686,7.701,30.615,0.9705606953
T0,P-3-23,I,HEAT,I-HEAT,2.44,2.44,2.44,2.4400,7.606,7.376,7.647,7.543,18.405,1
T3,P-3-23,I,HEAT,I-HEAT,3.852,3.878,3.869,3.8663,8.496,8.327,8.364,8.396,32.460,1.763683074
T0,P-3-25,E,HEAT,E-HEAT,4.252,4.313,4.323,4.2960,6.989,7.086,7.214,7.096,30.486,1
T3,P-3-25,E,HEAT,E-HEAT,4.494,4.484,4.456,4.4780,7.479,7.486,7.521,7.495,33.564,1.100973234
T0,P-3-5,C,HEAT,C-HEAT,3.153,3.153,3.175,3.1603,6.784,6.756,6.824,6.788,21.452,1
T3,P-3-5,C,HEAT,C-HEAT,3.018,3.018,3,3.0120,6.936,7.028,6.959,6.974,21.007,0.979226014
T0,P-3-6,I,AMB,I-AMB,3.061,3,3.052,3.0377,7.265,7.115,7.105,7.162,21.755,1
T3,P-3-6,I,AMB,I-AMB,3.115,3.149,3.123,3.1290,7.110,7.036,7.154,7.100,22.216,1.021197383
T0,P-3-7,I,AMB,I-AMB,3.67,3.627,3.627,3.6413,7.814,7.923,7.920,7.886,28.714,1
T3,P-3-7,I,AMB,I-AMB,3.625,3.634,3.634,3.6310,8.432,8.337,8.449,8.406,30.522,1.062959659
T0,P-4-1,C,AMB,C-AMB,4.046,4.029,4.02,4.0317,7.026,6.959,6.887,6.957,28.050,1
T3,P-4-1,C,AMB,C-AMB,4.178,4.159,4.159,4.1653,7.325,7.298,7.270,7.298,30.397,1.083693216
T0,P-4-10,I,HEAT,I-HEAT,4.351,4.35,4.33,4.3437,5.482,5.287,5.220,5.330,23.150,1
T3,P-4-10,I,HEAT,I-HEAT,4.426,4.416,4.359,4.4003,5.405,5.478,5.452,5.445,23.960,1.034968001
T0,P-4-11,G,AMB,G-AMB,4.47,4.461,4.442,4.4577,5.347,5.383,5.379,5.370,23.936,1
T3,P-4-11,G,AMB,G-AMB,4.698,4.65,4.688,4.6787,6.300,6.205,6.180,6.228,29.140,1.217416085
T0,P-4-12,G,AMB,G-AMB,4.375,4.393,4.339,4.3690,6.142,6.170,6.104,6.139,26.820,1
T3,P-4-12,G,AMB,G-AMB,4.405,4.453,4.415,4.4243,7.557,7.361,7.521,7.480,33.093,1.233883019
T0,P-4-15,G,HEAT,G-HEAT,3.865,3.834,3.844,3.8477,5.562,5.946,5.741,5.750,22.123,1
T3,P-4-15,G,HEAT,G-HEAT,3.822,3.831,3.821,3.8247,5.561,5.657,5.649,5.622,21.504,0.9720085221
T0,P-4-16,E,AMB,E-AMB,3.463,3.483,3.513,3.4863,5.707,5.714,5.735,5.719,19.937,1
T3,P-4-16,E,AMB,E-AMB,3.654,3.654,3.715,3.6743,5.650,5.573,5.574,5.599,20.573,1.031870815
T0,P-4-17,E,AMB,E-AMB,4.881,4.871,4.861,4.8710,8.844,8.686,8.742,8.757,42.657,1
T3,P-4-17,E,AMB,E-AMB,4.887,4.86,4.879,4.8753,9.143,9.079,9.097,9.106,44.396,1.040777386
T0,P-4-2,C,AMB,C-AMB,3.885,3.876,3.841,3.8673,9.021,8.733,8.637,8.797,34.021,1
T3,P-4-2,C,AMB,C-AMB,3.745,3.755,3.745,3.7483,10.028,10.113,10.150,10.097,37.847,1.112459894
T0,P-4-20,E,HEAT,E-HEAT,4.682,4.635,4.635,4.6507,11.345,11.171,11.111,11.209,52.129,1
T3,P-4-20,E,HEAT,E-HEAT,4.689,4.671,4.699,4.6863,11.621,11.344,11.563,11.509,53.937,1.034668584
T0,P-4-22,C,HEAT,C-HEAT,2.43,2.412,2.431,2.4243,7.705,7.720,7.784,7.736,18.755,1
T3,P-4-22,C,HEAT,C-HEAT,4.251,4.278,4.297,4.2753,8.289,8.329,8.227,8.282,35.407,1.887818425
T0,P-4-23,I,HEAT,I-HEAT,2.467,2.487,2.447,2.4670,8.110,8.054,7.967,8.044,19.844,1
T3,P-4-23,I,HEAT,I-HEAT,4.7,4.637,4.61,4.6490,8.055,8.243,8.036,8.111,37.710,1.900328058
T0,P-4-24,G,HEAT,G-HEAT,3.049,3.005,3.005,3.0197,7.998,7.960,7.884,7.947,23.998,1
T3,P-4-24,G,HEAT,G-HEAT,3.154,3.072,3.136,3.1207,7.725,7.512,7.528,7.588,23.681,0.9867641167
T0,P-4-25,E,HEAT,E-HEAT,4.057,4.077,4.087,4.0737,10.168,9.864,10.030,10.021,40.821,1
T3,P-4-25,E,HEAT,E-HEAT,4.285,4.285,4.249,4.2730,10.421,10.436,10.414,10.424,44.540,1.09111695
T0,P-4-5,C,HEAT,C-HEAT,3.866,3.911,3.877,3.8847,8.205,8.126,7.991,8.107,31.494,1
T3,P-4-5,C,HEAT,C-HEAT,4.845,4.817,4.893,4.8517,8.261,8.029,8.278,8.189,39.732,1.261559433
T0,P-4-6,I,AMB,I-AMB,4.779,4.814,4.85,4.8143,9.123,9.031,9.104,9.086,43.743,1
T3,P-4-6,I,AMB,I-AMB,5.082,5.12,5.158,5.1200,11.576,11.491,11.617,11.561,59.194,1.353221829
T0,P-4-7,I,AMB,I-AMB,3.243,3.215,3.197,3.2183,5.602,5.516,5.305,5.474,17.618,1
T3,P-4-7,I,AMB,I-AMB,3.421,3.421,3.439,3.4270,6.209,6.201,6.349,6.253,21.429,1.216298781
T0,P-5-1,C,AMB,C-AMB,2.987,2.996,2.951,2.9780,12.652,12.673,12.582,12.636,37.629,1
T3,P-5-1,C,AMB,C-AMB,2.828,2.848,2.809,2.8283,14.315,14.181,14.107,14.201,40.165,1.06739869
T0,P-5-10,I,HEAT,I-HEAT,3.417,3.417,3.407,3.4137,8.023,7.924,7.916,7.954,27.153,1
T3,P-5-10,I,HEAT,I-HEAT,2.942,2.933,2.933,2.9360,8.348,8.181,8.188,8.239,24.190,0.8908521986
T0,P-5-11,G,AMB,G-AMB,3.501,3.385,3.502,3.4627,8.549,8.420,8.365,8.445,29.241,1
T3,P-5-11,G,AMB,G-AMB,3.642,3.67,3.633,3.6483,9.676,9.575,9.786,9.679,35.312,1.207624189
T0,P-5-12,G,AMB,G-AMB,2.843,2.843,2.817,2.8343,7.284,7.436,7.470,7.397,20.965,1
T3,P-5-12,G,AMB,G-AMB,2.947,2.937,2.918,2.9340,8.093,8.073,8.063,8.076,23.696,1.130283461
T0,P-5-15,G,HEAT,G-HEAT,3.761,3.794,3.783,3.7793,9.233,8.912,8.987,9.044,34.180,1
T3,P-5-15,G,HEAT,G-HEAT,4.088,4.051,4.042,4.0603,8.236,8.336,8.325,8.299,33.697,0.9858519537
T0,P-5-16,E,AMB,E-AMB,3.016,3.006,2.985,3.0023,9.501,9.406,9.338,9.415,28.267,1
T3,P-5-16,E,AMB,E-AMB,2.987,3.027,3.017,3.0103,9.496,9.496,9.604,9.532,28.694,1.015124685
T0,P-5-17,E,AMB,E-AMB,3.243,3.207,3.243,3.2310,8.411,8.543,8.405,8.453,27.312,1
T3,P-5-17,E,AMB,E-AMB,3.236,3.274,3.313,3.2743,7.533,7.484,7.767,7.595,24.867,0.9105080285
T0,P-5-2,C,AMB,C-AMB,3.377,3.403,3.351,3.3770,12.187,12.022,11.762,11.990,40.491,1
T3,P-5-2,C,AMB,C-AMB,3.16,3.15,3.121,3.1437,12.846,12.577,12.806,12.743,40.060,0.9893406549
T0,P-5-20,E,HEAT,E-HEAT,2.981,2.981,2.992,2.9847,8.038,8.126,7.933,8.032,23.974,1
T3,P-5-20,E,HEAT,E-HEAT,3.234,3.216,3.188,3.2127,9.014,8.941,9.114,9.023,28.988,1.209146899
T0,P-5-22,C,HEAT,C-HEAT,5.047,5.009,4.999,5.0183,7.584,7.711,7.519,7.605,38.163,1
T3,P-5-22,C,HEAT,C-HEAT,5.84,5.82,5.83,5.8300,7.971,7.922,8.029,7.974,46.488,1.218162142
T0,P-5-23,I,HEAT,I-HEAT,3.624,3.634,3.624,3.6273,10.548,10.476,10.543,10.522,38.168,1
T3,P-5-23,I,HEAT,I-HEAT,3.654,3.681,3.681,3.6720,10.445,10.348,10.787,10.527,38.654,1.012730807
T0,P-5-25,E,HEAT,E-HEAT,3.07,2.979,2.99,3.0130,7.143,7.202,7.149,7.165,21.587,1
T3,P-5-25,E,HEAT,E-HEAT,3.255,3.255,3.292,3.2673,8.445,8.324,8.486,8.418,27.506,1.274161388
T0,P-5-5,C,HEAT,C-HEAT,2.724,2.724,2.746,2.7313,12.624,12.549,12.477,12.550,34.278,1
T3,P-5-5,C,HEAT,C-HEAT,3.936,3.863,3.863,3.8873,13.714,13.916,13.624,13.751,53.456,1.559474082
T0,P-5-6,I,AMB,I-AMB,3.072,3.045,3.045,3.0540,8.973,8.910,9.011,8.965,27.378,1
T3,P-5-6,I,AMB,I-AMB,3.213,3.195,3.176,3.1947,9.839,9.890,9.908,9.879,31.560,1.152750601
T0,P-5-7,I,AMB,I-AMB,3.313,3.26,3.287,3.2867,5.938,5.966,5.950,5.951,19.560,1
T3,P-5-7,I,AMB,I-AMB,3.28,3.28,3.271,3.2770,6.142,6.132,5.951,6.075,19.908,1.017777364
T0,P-6-1,C,AMB,C-AMB,4.052,4.052,4.052,4.0520,9.513,9.744,9.822,9.693,39.276,1
T3,P-6-1,C,AMB,C-AMB,3.729,3.69,3.68,3.6997,10.796,10.828,10.948,10.857,40.169,1.022723225
T0,P-6-10,I,HEAT,I-HEAT,3.159,3.159,3.138,3.1520,8.425,8.415,8.299,8.380,26.413,1
T3,P-6-10,I,HEAT,I-HEAT,3.127,3.127,3.145,3.1330,8.573,8.566,8.621,8.587,26.902,1.018525829
T0,P-6-11,G,AMB,G-AMB,3.893,3.822,3.811,3.8420,9.203,9.230,9.072,9.168,35.225,1
T3,P-6-11,G,AMB,G-AMB,4.081,4.081,4.091,4.0843,10.927,10.687,11.066,10.893,44.492,1.263089767
T0,P-6-12,G,AMB,G-AMB,3.26,3.286,3.286,3.2773,4.739,4.757,4.684,4.727,15.491,1
T3,P-6-12,G,AMB,G-AMB,3.337,3.364,3.319,3.3400,5.332,5.249,5.306,5.296,17.688,1.141803885
T0,P-6-15,G,HEAT,G-HEAT,4.083,4.042,4.042,4.0557,7.205,7.225,7.274,7.235,29.341,1
T3,P-6-15,G,HEAT,G-HEAT,4.156,4.166,4.147,4.1563,7.037,6.964,7.243,7.081,29.432,1.00310092
T0,P-6-16,E,AMB,E-AMB,4.838,4.797,4.807,4.8140,11.323,11.196,11.184,11.234,54.082,1
T3,P-6-16,E,AMB,E-AMB,4.843,4.797,4.842,4.8273,11.275,10.990,11.123,11.129,53.725,0.9933974639
T0,P-6-17,E,AMB,E-AMB,2.986,2.965,2.996,2.9823,8.296,8.258,8.094,8.216,24.503,1
T3,P-6-17,E,AMB,E-AMB,2.958,2.988,2.948,2.9647,7.898,7.861,7.911,7.890,23.391,0.9546325984
T0,P-6-2,C,AMB,C-AMB,4.024,3.942,3.932,3.9660,4.321,4.209,4.392,4.307,17.083,1
T3,P-6-2,C,AMB,C-AMB,3.719,3.728,3.728,3.7250,5.346,5.258,5.229,5.278,19.659,1.15081905
T0,P-6-20,E,HEAT,E-HEAT,4.472,4.511,4.5,4.4943,13.352,13.378,13.421,13.384,60.151,1
T3,P-6-20,E,HEAT,E-HEAT,4.659,4.64,4.649,4.6493,12.067,12.046,12.026,12.046,56.007,0.9311189576
T0,P-6-22,C,HEAT,C-HEAT,4.13,4.079,4.089,4.0993,4.688,4.512,4.605,4.602,18.864,1
T3,P-6-22,C,HEAT,C-HEAT,4.156,4.175,4.194,4.1750,4.906,4.966,4.905,4.926,20.565,1.090167192
T0,P-6-23,I,HEAT,I-HEAT,3.354,3.364,3.413,3.3770,7.805,7.858,7.883,7.849,26.505,1
T3,P-6-23,I,HEAT,I-HEAT,3.244,3.282,3.244,3.2567,7.588,7.750,7.634,7.657,24.937,0.940857641
T0,P-6-25,E,HEAT,E-HEAT,2.761,2.761,2.761,2.7610,8.298,7.995,8.005,8.099,22.362,1
T3,P-6-25,E,HEAT,E-HEAT,2.907,2.889,2.889,2.8950,7.675,7.605,7.587,7.622,22.067,0.9867811061
T0,P-6-5,C,HEAT,C-HEAT,2.796,2.796,2.808,2.8000,9.344,9.434,9.349,9.376,26.252,1
T3,P-6-5,C,HEAT,C-HEAT,4.089,4.181,4.171,4.1470,9.316,9.297,9.243,9.285,38.506,1.466801497
T0,P-6-6,I,AMB,I-AMB,3.908,3.908,3.908,3.9080,11.746,11.949,11.696,11.797,46.103,1
T3,P-6-6,I,AMB,I-AMB,3.783,3.774,3.792,3.7830,12.232,12.174,12.186,12.197,46.143,1.000864071
T0,P-6-7,I,AMB,I-AMB,3.322,3.313,3.287,3.3073,7.508,7.592,7.577,7.559,25.000,1
T3,P-6-7,I,AMB,I-AMB,3.318,3.347,3.289,3.3180,7.730,7.696,7.839,7.755,25.731,1.029238138
T0,P-7-1,C,AMB,C-AMB,3.017,3.017,3.017,3.0170,8.490,8.598,8.541,8.543,25.774,1
T3,P-7-1,C,AMB,C-AMB,2.946,2.947,2.937,2.9433,8.743,8.719,8.703,8.722,25.671,0.9959859606
T0,P-7-10,I,HEAT,I-HEAT,3.05,3.071,3.05,3.0570,8.185,8.241,8.318,8.248,25.214,1
T3,P-7-10,I,HEAT,I-HEAT,2.537,2.565,2.555,2.5523,8.851,8.913,8.877,8.880,22.666,0.8989231587
T0,P-7-11,G,AMB,G-AMB,3.851,3.833,3.833,3.8390,10.606,10.776,10.749,10.710,41.117,1
T3,P-7-11,G,AMB,G-AMB,4.05,4.069,4.088,4.0690,13.507,13.308,13.334,13.383,54.455,1.324402733
T0,P-7-12,G,AMB,G-AMB,3.625,3.625,3.633,3.6277,6.207,6.146,6.153,6.169,22.378,1
T3,P-7-12,G,AMB,G-AMB,3.745,3.755,3.774,3.7580,6.590,6.700,6.630,6.640,24.953,1.115080388
T0,P-7-16,E,AMB,E-AMB,2.717,2.748,2.717,2.7273,8.844,8.977,8.857,8.893,24.253,1
T3,P-7-16,E,AMB,E-AMB,3.381,3.371,3.399,3.3837,9.327,9.319,9.366,9.337,31.594,1.302687369
T0,P-7-17,E,AMB,E-AMB,2.907,2.907,2.866,2.8933,5.181,5.388,5.380,5.316,15.382,1
T3,P-7-17,E,AMB,E-AMB,2.723,2.723,2.734,2.7267,5.546,5.495,5.373,5.471,14.919,0.9698722859
T0,P-7-2,C,AMB,C-AMB,3.646,3.646,3.663,3.6517,7.558,7.335,7.350,7.414,27.075,1
T3,P-7-2,C,AMB,C-AMB,3.494,3.485,3.494,3.4910,9.100,9.166,9.185,9.150,31.944,1.179841124
T0,P-7-20,E,HEAT,E-HEAT,2.242,2.23,2.196,2.2227,7.787,7.747,7.701,7.745,17.215,1
T3,P-7-20,E,HEAT,E-HEAT,2.359,2.369,2.319,2.3490,8.123,8.005,8.023,8.050,18.910,1.098502682
T0,P-7-22,C,HEAT,C-HEAT,2.709,2.741,2.772,2.7407,6.538,6.529,6.727,6.598,18.083,1
T3,P-7-22,C,HEAT,C-HEAT,2.581,2.581,2.533,2.5650,6.377,6.215,6.335,6.309,16.183,0.8949100142
T0,P-7-23,I,HEAT,I-HEAT,3.085,3.095,3.074,3.0847,9.141,9.031,9.114,9.095,28.056,1
T3,P-7-23,I,HEAT,I-HEAT,3.222,3.222,3.269,3.2377,9.300,9.277,9.412,9.330,30.206,1.076642206
T0,P-7-24,G,HEAT,G-HEAT,2.872,2.861,2.872,2.8683,6.672,6.521,6.771,6.655,19.088,1
T3,P-7-24,G,HEAT,G-HEAT,2.854,2.818,2.836,2.8360,6.728,6.736,6.723,6.729,19.083,0.999771675
T0,P-7-25,E,HEAT,E-HEAT,2.31,2.3,2.3,2.3033,3.606,3.679,3.682,3.656,8.420,1
T3,P-7-25,E,HEAT,E-HEAT,2.495,2.486,2.467,2.4827,3.902,3.955,3.807,3.888,9.653,1.146360698
T0,P-7-5,C,HEAT,C-HEAT,2.489,2.448,2.468,2.4683,6.650,6.596,6.619,6.622,16.344,1
T3,P-7-5,C,HEAT,C-HEAT,2.63,2.658,2.63,2.6393,7.079,7.059,7.117,7.085,18.700,1.144097336
T0,P-7-6,I,AMB,I-AMB,2.927,2.957,2.947,2.9437,6.757,6.703,6.711,6.724,19.792,1
T3,P-7-6,I,AMB,I-AMB,3.068,3.05,3.049,3.0557,7.644,7.541,7.531,7.572,23.138,1.169019558
T0,P-7-7,I,AMB,I-AMB,3.926,3.905,3.861,3.8973,8.889,8.815,8.993,8.899,34.682,1
T3,P-7-7,I,AMB,I-AMB,4.002,4.011,4.001,4.0047,9.878,9.815,9.848,9.847,39.434,1.137002847
T0,P-8-1,C,AMB,C-AMB,3.994,3.94,3.878,3.9373,7.318,7.275,7.419,7.337,28.890,1
T3,P-8-1,C,AMB,C-AMB,4.06,4.069,4.06,4.0630,8.404,8.475,8.517,8.465,34.395,1.190557713
T0,P-8-10,I,HEAT,I-HEAT,4.562,4.615,4.594,4.5903,10.722,10.584,10.478,10.595,48.633,1
T3,P-8-10,I,HEAT,I-HEAT,4.548,4.531,4.548,4.5423,10.312,10.319,10.333,10.321,46.883,0.9640138742
T0,P-8-11,G,AMB,G-AMB,3.459,3.443,3.459,3.4537,10.114,10.389,10.251,10.251,35.405,1
T3,P-8-11,G,AMB,G-AMB,4.005,4.014,4.015,4.0113,12.221,12.213,12.230,12.221,49.024,1.384670908
T0,P-8-12,G,AMB,G-AMB,3.643,3.565,3.582,3.5967,8.720,8.846,8.734,8.767,31.531,1
T3,P-8-12,G,AMB,G-AMB,3.852,3.833,3.87,3.8517,10.275,10.156,10.159,10.197,39.274,1.245581742
T0,P-8-16,E,AMB,E-AMB,4.014,4.013,4.013,4.0133,10.602,10.516,10.628,10.582,42.469,1
T3,P-8-16,E,AMB,E-AMB,4.074,4.094,4.124,4.0973,11.141,11.188,11.104,11.144,45.662,1.07518303
T0,P-8-17,E,AMB,E-AMB,3.416,3.437,3.406,3.4197,8.954,8.888,8.869,8.904,30.448,1
T3,P-8-17,E,AMB,E-AMB,4.193,4.233,4.252,4.2260,10.298,10.413,10.395,10.369,43.818,1.439129044
T0,P-8-2,C,AMB,C-AMB,3.957,3.975,3.957,3.9630,6.703,6.672,6.753,6.709,26.589,1
T3,P-8-2,C,AMB,C-AMB,3.751,3.712,3.721,3.7280,8.353,8.295,8.244,8.297,30.932,1.163351623
T0,P-8-20,E,HEAT,E-HEAT,4.027,4.027,4.037,4.0303,8.180,8.133,8.150,8.154,32.865,1
T3,P-8-20,E,HEAT,E-HEAT,4.376,4.355,4.323,4.3513,8.941,9.101,8.898,8.980,39.075,1.188965528
T0,P-8-22,C,HEAT,C-HEAT,3.332,3.364,3.342,3.3460,10.036,9.940,10.153,10.043,33.604,1
T3,P-8-22,C,HEAT,C-HEAT,3.91,3.882,3.883,3.8917,12.679,12.777,12.564,12.673,49.320,1.46769932
T0,P-8-23,I,HEAT,I-HEAT,4.561,4.561,4.604,4.5753,7.437,7.541,7.544,7.507,34.349,1
T3,P-8-23,I,HEAT,I-HEAT,4.89,4.936,4.909,4.9117,7.940,7.986,8.045,7.990,39.246,1.142576647
T0,P-8-24,G,HEAT,G-HEAT,3.172,3.151,3.162,3.1617,10.978,10.802,10.674,10.818,34.203,1
T3,P-8-24,G,HEAT,G-HEAT,4.154,4.191,4.237,4.1940,10.895,11.009,11.030,10.978,46.042,1.346134934
T0,P-8-25,E,HEAT,E-HEAT,3.944,3.943,3.954,3.9470,6.935,6.920,6.848,6.901,27.238,1
T3,P-8-25,E,HEAT,E-HEAT,4.37,4.294,4.324,4.3293,9.118,8.901,9.050,9.023,39.064,1.434144226
T0,P-8-5,C,HEAT,C-HEAT,3.539,3.518,3.561,3.5393,16.434,16.299,16.306,16.346,57.855,1
T3,P-8-5,C,HEAT,C-HEAT,5.355,5.364,5.374,5.3643,18.301,18.316,18.260,18.292,98.126,1.696067164
T0,P-8-6,I,AMB,I-AMB,3.584,3.491,3.512,3.5290,8.904,8.695,8.895,8.831,31.166,1
T3,P-8-6,I,AMB,I-AMB,3.676,3.693,3.667,3.6787,9.646,9.701,9.636,9.661,35.540,1.140340591
T0,P-8-7,I,AMB,I-AMB,4.18,4.146,4.169,4.1650,7.417,7.225,7.343,7.328,30.523,1
T3,P-8-7,I,AMB,I-AMB,4.51,4.501,4.483,4.4980,8.226,8.278,8.232,8.245,37.088,1.215087205
T0,P-9-1,C,AMB,C-AMB,4.364,4.382,4.365,4.3703,10.707,10.564,10.635,10.635,46.480,1
T3,P-9-1,C,AMB,C-AMB,4.18,4.16,4.142,4.1607,13.102,13.174,13.169,13.148,54.706,1.176976957
T0,P-9-11,G,AMB,G-AMB,3.454,3.486,3.454,3.4647,9.230,9.234,9.147,9.204,31.888,1
T3,P-9-11,G,AMB,G-AMB,3.837,3.91,3.837,3.8613,10.413,10.303,10.129,10.282,39.701,1.245026155
T0,P-9-12,G,AMB,G-AMB,4.711,4.737,4.667,4.7050,9.859,9.833,9.858,9.850,46.344,1
T3,P-9-12,G,AMB,G-AMB,4.92,4.873,4.882,4.8917,11.399,11.167,11.249,11.272,55.137,1.189731976
T0,P-9-15,G,HEAT,G-HEAT,3.4,3.369,3.411,3.3933,9.206,9.532,9.357,9.365,31.779,1
T3,P-9-15,G,HEAT,G-HEAT,3.515,3.489,3.489,3.4977,9.482,9.682,9.757,9.640,33.719,1.061050768
T0,P-9-16,E,AMB,E-AMB,2.89,2.88,2.89,2.8867,6.263,6.000,6.183,6.149,17.749,1
T3,P-9-16,E,AMB,E-AMB,2.26,2.24,2.25,2.2500,6.727,6.596,6.645,6.656,14.976,0.8437586624
T0,P-9-17,E,AMB,E-AMB,4.99,4.958,4.938,4.9620,5.801,5.990,5.970,5.920,29.377,1
T3,P-9-17,E,AMB,E-AMB,4.958,4.966,4.965,4.9630,6.270,6.241,6.238,6.250,31.017,1.055840241
T0,P-9-2,C,AMB,C-AMB,2.923,2.914,2.967,2.9347,5.510,5.635,5.634,5.593,16.414,1
T3,P-9-2,C,AMB,C-AMB,2.61,2.63,2.591,2.6103,6.655,6.812,6.662,6.710,17.514,1.067070997
T0,P-9-20,E,HEAT,E-HEAT,2.795,2.838,2.806,2.8130,7.776,7.775,7.902,7.818,21.991,1
T3,P-9-20,E,HEAT,E-HEAT,2.824,2.834,2.881,2.8463,7.933,7.829,7.869,7.877,22.421,1.019529328
T0,P-9-22,C,HEAT,C-HEAT,3.593,3.637,3.626,3.6187,6.663,6.714,6.702,6.693,24.220,1
T3,P-9-22,C,HEAT,C-HEAT,3.508,3.489,3.518,3.5050,7.197,7.037,7.138,7.124,24.970,1.030961692
T0,P-9-23,I,HEAT,I-HEAT,2.59,2.56,2.591,2.5803,5.285,5.252,5.282,5.273,13.606,1
T3,P-9-23,I,HEAT,I-HEAT,2.768,2.776,2.776,2.7733,4.334,4.395,4.190,4.306,11.943,0.8777606975
T0,P-9-24,G,HEAT,G-HEAT,2.846,2.791,2.802,2.8130,6.720,6.797,6.704,6.740,18.961,1
T3,P-9-24,G,HEAT,G-HEAT,3.035,3.008,3.026,3.0230,5.995,6.135,6.091,6.074,18.361,0.9683625691
T0,P-9-25,E,HEAT,E-HEAT,3.394,3.332,3.322,3.3493,7.530,7.719,7.526,7.592,25.427,1
T3,P-9-25,E,HEAT,E-HEAT,3.438,3.458,3.458,3.4513,7.423,7.169,7.332,7.308,25.222,0.991950366
T0,P-9-5,C,HEAT,C-HEAT,3.223,3.15,3.202,3.1917,14.298,14.109,14.388,14.265,45.529,1
T3,P-9-5,C,HEAT,C-HEAT,4.294,4.263,4.254,4.2703,15.912,15.994,16.085,15.997,68.313,1.500413688
T0,P-9-6,I,AMB,I-AMB,3.14,3.141,3.12,3.1337,10.548,10.751,10.524,10.608,33.241,1
T3,P-9-6,I,AMB,I-AMB,3.572,3.572,3.563,3.5690,12.376,12.700,12.607,12.561,44.830,1.348646413
T0,P-9-7,I,AMB,I-AMB,4.012,4.032,4.002,4.0153,7.187,7.080,7.137,7.135,28.648,1
T3,P-9-7,I,AMB,I-AMB,4.204,4.176,4.223,4.2010,8.335,8.320,8.251,8.302,34.877,1.217419122