Fragment ID,Species,Timepoint,Treatment,Temperature,T-T,Chl-a 1,Chl-a 2,Chl-c2 1,Chl-c2 2,Chl1,Chl2,Total_Chl_ug/mL,SD,CV,Slurry Volume (ml),Surface area (cm^2),Chl_ug/cm^2
BLANK,BLANK,BLANK,BLANK,BLANK,BLANK,0.030304225,0.01885493,0.0699,0.081109859,0.100204225,0.099964789,0.100084507,0.000169307,0.001691643,25,,#DIV/0!
M-1-21,M,T0,C,AMB,C_AMB,2.500604225,2.902322535,0.402494366,0.44153662,2.903098592,3.343859155,3.123478873,0.311664783,0.0997813,25,18.692524,4.177443979
M-2-21,M,T0,C,AMB,C_AMB,1.426842254,1.327394366,1.1487,2.111852113,2.575542254,3.439246479,3.007394366,0.610731115,0.203076498,25,14.628646,5.139563782
M-3-21,M,T0,C,AMB,C_AMB,1.758432394,1.957050704,0.301166197,0.347907042,2.059598592,2.304957746,2.182278169,0.173495122,0.079501837,25,20.709448,2.634399247
M-4-21,M,T0,C,AMB,C_AMB,0.856446479,1.02248169,0.20136338,0.409926761,1.057809859,1.432408451,1.245109155,0.264881204,0.212737336,25,21.196753,1.468514016
M-5-21,M,T0,C,AMB,C_AMB,1.26931831,1.394874648,0.376977465,0.405266197,1.646295775,1.800140845,1.72321831,0.108784893,0.063128909,25,16.927033,2.545068456
M-6-21,M,T0,C,AMB,C_AMB,0.911787324,1.083578873,0.293607042,0.326146479,1.205394366,1.409725352,1.307559859,0.144483826,0.110498823,25,18.43099,1.773588748
M-7-21,M,T0,C,AMB,C_AMB,1.284,1.433343662,0.296577465,0.332459155,1.580577465,1.765802817,1.673190141,0.130974103,0.078278075,25,28.450636,1.470257239
M-8-21,M,T0,C,AMB,C_AMB,1.187383099,1.253477465,0.463588732,0.438811268,1.650971831,1.692288732,1.671630282,0.029215461,0.017477227,25,14.698534,2.843192188
M-9-21,M,T0,C,AMB,C_AMB,0.969201408,0.937725352,0.298094366,0.277795775,1.267295775,1.215521127,1.241408451,0.036610205,0.029490861,25,25.216951,1.230728143
M-1-3,M,T1,C,AMB,C_AMB,1.13214507,1.190435211,0.299361972,0.402029577,1.431507042,1.592464789,1.511985915,0.113814314,0.075274718,25,14.693347,2.572568924
M-2-3,M,T1,C,AMB,C_AMB,0.539394366,0.564585915,0.298267606,0.449315493,0.837661972,1.013901408,0.92578169,0.124620101,0.134610678,25,27.09055,0.854340065
M-3-3,M,T1,C,AMB,C_AMB,1.299828169,1.349553521,0.302911268,0.294692958,1.602739437,1.644246479,1.623492958,0.029349911,0.01807825,25,11.290402,3.594851976
M-4-3,M,T1,C,AMB,C_AMB,0.574823944,0.657622535,0.218852113,0.298588732,0.793676056,0.956211268,0.874943662,0.11492975,0.131356743,25,17.44273,1.254023398
M-5-3,M,T1,C,AMB,C_AMB,0.708519718,0.790609859,0.240769014,0.282861972,0.949288732,1.073471831,1.011380282,0.087810711,0.086822645,25,11.398237,2.21828227
M-6-3,M,T1,C,AMB,C_AMB,0.334439437,0.364125352,0.181588732,0.210029577,0.516028169,0.57415493,0.545091549,0.041101827,0.075403529,25,29.628631,0.459936496
M-7-3,M,T1,C,AMB,C_AMB,0.788021127,0.593961972,0.257176056,0.220347887,1.045197183,0.814309859,0.929753521,0.163261992,0.175597068,25,18.791896,1.236907549
M-8-3,M,T1,C,AMB,C_AMB,2.37618169,2.509929577,0.529107042,0.751711268,2.905288732,3.261640845,3.083464789,0.251978995,0.081719433,25,21.815098,3.533636187
M-9-3,M,T1,C,AMB,C_AMB,1.320576056,1.322791549,0.303895775,0.413011268,1.624471831,1.735802817,1.680137324,0.078722895,0.046855036,25,16.94314,2.479081982
M-1-18,M,T1,E,AMB,E_AMB,1.376883099,1.408629577,0.490504225,0.499356338,1.867387324,1.907985915,1.88768662,0.028707539,0.015207789,25,15.120592,3.121052767
M-2-18,M,T1,E,AMB,E_AMB,1.605778873,1.660398592,0.270122535,0.392890141,1.875901408,2.053288732,1.96459507,0.12543178,0.063846124,25,19.289848,2.546151569
M-3-18,M,T1,E,AMB,E_AMB,1.855449296,2.019822535,0.387747887,0.396135211,2.243197183,2.415957746,2.329577465,0.122160166,0.052438765,25,18.067627,3.223413712
M-4-18,M,T1,E,AMB,E_AMB,1.126864789,1.223804225,0.319973239,0.342202817,1.446838028,1.566007042,1.506422535,0.084265218,0.055937306,25,26.549737,1.418491015
M-5-18,M,T1,E,AMB,E_AMB,1.019995775,1.054511268,0.312257746,0.339164789,1.332253521,1.393676056,1.362964789,0.043432291,0.031866041,25,13.988188,2.435920915
M-6-18,M,T1,E,AMB,E_AMB,2.587538028,2.834388732,0.848243662,1.220484507,3.43578169,4.054873239,3.745327465,0.437763833,0.116882659,25,35.351803,2.648611349
M-7-18,M,T1,E,AMB,E_AMB,1.93721831,2.356257746,0.713957746,0.425615493,2.651176056,2.781873239,2.716524648,0.092416864,0.034020256,25,28.576216,2.37656085
M-8-18,M,T1,E,AMB,E_AMB,2.822435211,2.873680282,0.576726761,0.571812676,3.399161972,3.445492958,3.422327465,0.032760954,0.009572712,25,18.876526,4.532517616
M-9-18,M,T1,E,AMB,E_AMB,2.012971831,2.011194366,0.686112676,0.626087324,2.699084507,2.63728169,2.668183099,0.043701191,0.016378633,25,15.61363,4.272201754
M-1-13,M,T1,G,AMB,G_AMB,1.467846479,1.350132394,0.427533803,0.067297183,1.895380282,1.417429577,1.65640493,0.337962184,0.204033554,25,24.829837,1.667756548
M-2-13,M,T1,G,AMB,G_AMB,1.058143662,1.011495775,0.523567606,0.333891549,1.581711268,1.345387324,1.463549296,0.167106263,0.114178773,25,15.602164,2.345106255
M-3-13,M,T1,G,AMB,G_AMB,2.71778169,2.696853521,0.678126761,0.684773239,3.395908451,3.381626761,3.388767606,0.01009868,0.002980045,25,19.079365,4.440356906
M-4-13,M,T1,G,AMB,G_AMB,1.312759155,1.263226761,0.499508451,0.431928169,1.812267606,1.69515493,1.753711268,0.082811167,0.047220525,25,23.218318,1.888284142
M-5-13,M,T1,G,AMB,G_AMB,0.944667606,0.854270423,0.457360563,0.361102817,1.402028169,1.215373239,1.308700704,0.131984966,0.100851911,25,13.375576,2.4460642
M-6-13,M,T1,G,AMB,G_AMB,1.800392958,1.734709859,0.689247887,0.426092958,2.489640845,2.160802817,2.325221831,0.2325236,0.100000609,25,36.411316,1.596496698
M-7-13,M,T1,G,AMB,G_AMB,1.568198592,1.547,0.372942254,0.391035211,1.941140845,1.938035211,1.939588028,0.002196015,0.001132207,25,31.0081,1.563775294
M-8-13,M,T1,G,AMB,G_AMB,1.680490141,1.742566197,0.55691831,0.499335211,2.237408451,2.241901408,2.23965493,0.003177001,0.001418522,25,35.637088,1.571154558
M-9-13,M,T1,G,AMB,G_AMB,2.359323944,2.59343662,0.769246479,0.869091549,3.128570423,3.462528169,3.295549296,0.236143787,0.071655365,25,24.405595,3.375813308
M-1-8,M,T1,I,AMB,I_AMB,1.018566197,1.153730986,0.305138028,0.603029577,1.323704225,1.756760563,1.540232394,0.306217073,0.198812254,25,13.042516,2.952329892
M-2-8,M,T1,I,AMB,I_AMB,1.536967606,1.5079,0.477532394,0.490550704,2.0145,1.998450704,2.006475352,0.011348566,0.005655971,25,23.559841,2.129126585
M-3-8,M,T1,I,AMB,I_AMB,1.847542254,1.911022535,0.587176056,0.673047887,2.43471831,2.584070423,2.509394366,0.105607892,0.042085012,25,13.084012,4.794772365
M-4-8,M,T1,I,AMB,I_AMB,1.991501408,1.85914507,0.242294366,0.231312676,2.233795775,2.090457746,2.162126761,0.101355292,0.04687759,25,21.657304,2.495840157
M-5-8,M,T1,I,AMB,I_AMB,1.476784507,1.691901408,0.454990141,0.750211268,1.931774648,2.442112676,2.186943662,0.36086348,0.165008128,25,19.281658,2.835523353
M-6-8,M,T1,I,AMB,I_AMB,0.703123944,0.680971831,0.401530986,0.257091549,1.10465493,0.93806338,1.021359155,0.117798014,0.115334565,25,32.288743,0.790801267
M-7-8,M,T1,I,AMB,I_AMB,1.399588732,1.459411268,0.543883099,0.581687324,1.943471831,2.041098592,1.992285211,0.069032544,0.034649931,25,18.038962,2.761086269
M-8-8,M,T1,I,AMB,I_AMB,3.338080282,3.351397183,0.662898592,0.707898592,4.000978873,4.059295775,4.030137324,0.041236276,0.010231978,25,35.989258,2.799541827
M-9-8,M,T1,I,AMB,I_AMB,1.513360563,1.544746479,0.462308451,0.486422535,1.975669014,2.031169014,2.003419014,0.039244426,0.019588726,25,21.88717,2.288348624
M-1-4,M,T2,C,HEAT,C_HEAT,0.769694366,0.809657746,0.221340845,0.288173239,0.991035211,1.097830986,1.044433099,0.075516016,0.072303354,25,28.880338,0.904103943
M-2-4,M,T2,C,HEAT,C_HEAT,0.495246479,0.451277465,0.611450704,0.44364507,1.106697183,0.894922535,1.000809859,0.14974729,0.149626114,25,19.64857,1.273387655
BLANK,BLANK,BLANK,BLANK,BLANK,BLANK,-0.030239437,0.013677465,0.062619718,0.029738028,0.032380282,0.043415493,0.037897887,0.007803073,0.205897301,25,,#DIV/0!
M-3-4,M,T2,C,HEAT,C_HEAT,1.35811831,1.348188732,0.405578873,0.420092958,1.763697183,1.76828169,1.765989437,0.003241736,0.001835649,25,19.885261,2.22022411
M-4-4,M,T2,C,HEAT,C_HEAT,0.62731831,0.66981831,0.228688732,0.120519718,0.856007042,0.790338028,0.823172535,0.046435005,0.056409809,25,25.005922,0.822977588
M-5-4,M,T2,C,HEAT,C_HEAT,0.845319718,0.848359155,0.401814085,0.408422535,1.247133803,1.25678169,1.251957746,0.006822087,0.005449135,25,15.370387,2.036314613
M-6-4,M,T2,C,HEAT,C_HEAT,1.016119718,1.040177465,0.476323944,0.472470423,1.492443662,1.512647887,1.502545775,0.014286545,0.009508226,25,26.349901,1.425570607
M-7-30,M,T2,C,HEAT,C_HEAT,0.1848,0.155023944,0.293488732,0.26886338,0.478288732,0.423887324,0.451088028,0.038467605,0.085277379,25,30.583858,0.368730482
M-8-4,M,T2,C,HEAT,C_HEAT,2.353347887,2.52126338,0.684046479,0.880652113,3.037394366,3.401915493,3.21965493,0.257755361,0.080056828,25,22.77715,3.533865002
M-9-4,M,T2,C,HEAT,C_HEAT,1.958339437,2.052897183,0.631512676,0.957447887,2.589852113,3.01034507,2.800098592,0.297333422,0.106186769,25,22.985995,3.045439834
M-1-19,M,T2,E,HEAT,E_HEAT,0.695395775,0.737394366,0.119970423,0.303549296,0.815366197,1.040943662,0.92815493,0.159507355,0.171854235,25,15.871888,1.461947894
M-2-19,M,T2,E,HEAT,E_HEAT,1.0966,1.177092958,0.518928169,0.493364789,1.615528169,1.670457746,1.642992958,0.038841077,0.02364044,25,16.320973,2.516689657
M-3-19,M,T2,E,HEAT,E_HEAT,1.010967606,1.084402817,0.288616901,0.223639437,1.299584507,1.308042254,1.30381338,0.00598053,0.004586952,25,13.279753,2.454513612
M-4-19,M,T2,E,HEAT,E_HEAT,1.035643662,1.053930986,0.326222535,0.093202817,1.361866197,1.147133803,1.2545,0.151838732,0.121035259,25,29.262538,1.071762812
M-5-19,M,T2,E,HEAT,E_HEAT,1.457814085,1.540277465,0.514030986,0.472694366,1.97184507,2.012971831,1.992408451,0.029081011,0.014595908,25,20.375569,2.444604677
M-6-19,M,T2,E,HEAT,E_HEAT,0.923584507,0.993607042,0.335302817,0.347146479,1.258887324,1.340753521,1.299820423,0.057888143,0.044535493,25,19.89973,1.632962385
M-7-19,M,T2,E,HEAT,E_HEAT,0.25876338,0.272428169,0.273785915,0.371691549,0.532549296,0.644119718,0.588334507,0.078892202,0.134094127,25,23.261998,0.63229146
M-8-19,M,T2,E,HEAT,E_HEAT,1.96364507,2.153776056,0.474566197,0.474773239,2.438211268,2.628549296,2.533380282,0.13458931,0.053126375,25,22.984084,2.755581081
M-9-30,M,T2,E,HEAT,E_HEAT,3.769033803,4.102957746,0.749459155,0.817605634,4.518492958,4.92056338,4.719528169,0.284306722,0.060240497,25,30.485305,3.87033045
M-1-14,M,T2,G,HEAT,G_HEAT,0.398653521,0.416967606,0.168769014,0.272771831,0.567422535,0.689739437,0.628580986,0.08649111,0.137597402,25,16.756135,0.937837076
M-2-14,M,T2,G,HEAT,G_HEAT,1.020176056,1.098235211,0.304626761,0.38208169,1.324802817,1.480316901,1.402559859,0.109965064,0.078403116,25,27.323965,1.283268972
M-3-14,M,T2,G,HEAT,G_HEAT,0.892571831,1.039030986,0.227759155,0.38573662,1.120330986,1.424767606,1.272549296,0.215269198,0.16916374,25,16.968802,1.874836679
M-4-14,M,T2,G,HEAT,G_HEAT,0.794190141,0.670088732,0.266577465,0.109073239,1.060767606,0.779161972,0.919964789,0.199125253,0.216448777,25,18.02422,1.276011928
M-5-14,M,T2,G,HEAT,G_HEAT,1.578825352,1.629901408,0.937597183,0.398788732,2.516422535,2.028690141,2.272556338,0.344878883,0.151758123,25,13.438639,4.227653444
M-6-14,M,T2,G,HEAT,G_HEAT,1.230153521,1.409273239,0.343973239,0.404480282,1.574126761,1.813753521,1.693940141,0.169441707,0.100028155,25,37.533892,1.128273708
M-7-14,M,T2,G,HEAT,G_HEAT,0.276329577,0.314670423,0.071290141,0.206801408,0.347619718,0.521471831,0.434545775,0.122932008,0.282897717,25,23.554927,0.461204756
M-8-30,M,T2,G,HEAT,G_HEAT,2.782923944,2.8739,0.964174648,0.83303662,3.747098592,3.70693662,3.727017606,0.028398803,0.007619712,25,45.542347,2.045907738
M-9-14,M,T2,G,HEAT,G_HEAT,1.623487324,1.715416901,0.264498592,0.295892958,1.887985915,2.011309859,1.949647887,0.087203197,0.044727665,25,11.802004,4.129908546
M-1-9,M,T2,I,HEAT,I_HEAT,0.648066197,0.67454507,0.229673239,0.190969014,0.877739437,0.865514085,0.871626761,0.008644629,0.009917811,25,16.514257,1.319506473
M-2-9,M,T2,I,HEAT,I_HEAT,1.614433803,1.796953521,0.377192958,0.429046479,1.991626761,2.226,2.10881338,0.165726907,0.078587754,25,23.227327,2.269754695
M-3-9,M,T2,I,HEAT,I_HEAT,1.524667606,1.673470423,0.254226761,0.313001408,1.778894366,1.986471831,1.882683099,0.146779433,0.077962899,25,16.059166,2.930854408
M-4-9,M,T2,I,HEAT,I_HEAT,0.679812676,0.75438169,0.238525352,0.328449296,0.918338028,1.082830986,1.000584507,0.116314086,0.116246139,25,20.697163,1.208601038
M-5-9,M,T2,I,HEAT,I_HEAT,1.623539437,1.601992958,0.465185915,0.430373239,2.088725352,2.032366197,2.060545775,0.039851941,0.019340478,25,21.206035,2.429197366
M-6-9,M,T2,I,HEAT,I_HEAT,0.56098169,0.475129577,1.075292958,0.583757746,1.636274648,1.058887324,1.347580986,0.408274492,0.302968427,25,31.023115,1.085949127
M-7-9,M,T2,I,HEAT,I_HEAT,0.321214085,0.487235211,0.606130986,0.409504225,0.92734507,0.896739437,0.912042254,0.021641451,0.023728562,25,27.760492,0.821349144
M-8-9,M,T2,I,HEAT,I_HEAT,2.910153521,3.10141831,0.651114085,0.806222535,3.561267606,3.907640845,3.734454225,0.244922866,0.065584648,25,24.823012,3.761080873
M-9-9,M,T2,I,HEAT,I_HEAT,0.930422535,0.981191549,0.113492958,0.263991549,1.043915493,1.245183099,1.144549296,0.142317689,0.12434387,25,10.431271,2.743072478
M-1-26,M,T2,C,AMB,C_AMB,3.122139437,3.472342254,0.470184507,0.525587324,3.592323944,3.997929577,3.795126761,0.286806494,0.07557231,25,39.101731,2.426444216
M-2-26,M,T2,C,AMB,C_AMB,2.785408451,3.391876056,0.588485915,0.888173239,3.373894366,4.280049296,3.826971831,0.640748296,0.167429582,25,23.2276,4.118991879
M-3-26,M,T2,C,AMB,C_AMB,3.871369014,4.072769014,0.610926761,0.60755493,4.482295775,4.680323944,4.581309859,0.140027061,0.030564853,25,35.405038,3.234927935
M-4-26,M,T2,C,AMB,C_AMB,0.595223944,0.676129577,0.166930986,0.326792958,0.76215493,1.002922535,0.882538732,0.170248407,0.192907575,25,14.681062,1.502852335
M-5-26,M,T2,C,AMB,C_AMB,3.312825352,3.5567,0.852688732,0.877483099,4.165514085,4.434183099,4.299848592,0.189977682,0.044182412,25,25.332976,4.24333149
M-6-26,M,T2,C,AMB,C_AMB,1.745425352,1.916946479,0.513574648,0.557560563,2.259,2.474507042,2.366753521,0.152386491,0.064386295,25,30.090274,1.966377509
M-7-26,M,T2,C,AMB,C_AMB,2.182676056,2.174987324,0.40121831,0.388512676,2.583894366,2.5635,2.573697183,0.014420995,0.005603221,25,30.703159,2.095628973
M-8-26,M,T2,C,AMB,C_AMB,2.017761972,1.969285915,0.415723944,0.438692958,2.433485915,2.407978873,2.420732394,0.018036203,0.007450721,25,20.006746,3.024895196
M-9-26,M,T2,C,AMB,C_AMB,1.336391549,1.501035211,0.378397183,0.375338028,1.714788732,1.876373239,1.795580986,0.114257501,0.063632608,25,18.223237,2.463312344
M-1-30,M,T2,E,AMB,E_AMB,2.788125352,3.147369014,0.405853521,0.416729577,3.193978873,3.564098592,3.379038732,0.261714163,0.077452253,25,37.781503,2.235908093
M-2-29,M,T2,E,AMB,E_AMB,1.445953521,1.528892958,0.813173239,0.616423944,2.259126761,2.145316901,2.202221831,0.080475723,0.036542969,25,18.996373,2.898213558
M-3-29,M,T2,E,AMB,E_AMB,3.024761972,3.153976056,0.398864789,0.475221127,3.423626761,3.629197183,3.526411972,0.14536024,0.041220436,25,21.228421,4.152937201
M-4-29,M,T2,E,AMB,E_AMB,0.935059155,1.036467606,0.187757746,0.223715493,1.122816901,1.260183099,1.1915,0.09713257,0.08152125,25,16.55275,1.799549924
BLANK,BLANK,BLANK,BLANK,BLANK,BLANK,0.044109859,0.031643662,-0.108680282,0.080835211,-0.064570423,0.112478873,0.023954225,0.125192758,5.226332967,25,,#DIV/0!
M-5-29,M,T2,E,AMB,E_AMB,1.313595775,1.680605634,0.328833803,0.416767606,1.642429577,2.097373239,1.869901408,0.321693748,0.172037813,25,29.173813,1.602380025
M-6-29,M,T2,E,AMB,E_AMB,1.258847887,1.444304225,0.414384507,0.544829577,1.673232394,1.989133803,1.831183099,0.223376028,0.12198454,25,26.95405,1.698430383
M-7-29,M,T2,E,AMB,E_AMB,0.931298592,1.103180282,0.211673239,0.240397183,1.142971831,1.343577465,1.243274648,0.141849604,0.114093539,25,36.570202,0.849923284
M-8-29,M,T2,E,AMB,E_AMB,2.333449296,2.498440845,0.444219718,0.494066197,2.777669014,2.992507042,2.885088028,0.151913427,0.052654694,25,17.624275,4.092491788
M-9-29,M,T2,E,AMB,E_AMB,2.871104225,3.126608451,0.477959155,0.483912676,3.34906338,3.610521127,3.479792254,0.184878546,0.05312919,25,27.394399,3.175642084
M-1-28,M,T2,G,AMB,G_AMB,2.512491549,2.784326761,0.440374648,0.634271831,2.952866197,3.418598592,3.185732394,0.329322534,0.103374199,25,28.492951,2.795193445
M-2-28,M,T2,G,AMB,G_AMB,2.60734507,2.873371831,0.618528169,0.787761972,3.225873239,3.661133803,3.443503521,0.307775696,0.08937865,25,21.64966,3.976394457
M-3-28,M,T2,G,AMB,G_AMB,4.409101408,4.258933803,0.70901831,0.775643662,5.118119718,5.034577465,5.076348592,0.059073294,0.011636966,25,27.633001,4.592650461
M-4-28,M,T2,G,AMB,G_AMB,1.647301408,1.819839437,0.609114085,0.474794366,2.256415493,2.294633803,2.275524648,0.027024426,0.01187613,25,24.160714,2.354570986
M-5-28,M,T2,G,AMB,G_AMB,2.222614085,2.360688732,0.604385915,0.643846479,2.827,3.004535211,2.915767606,0.125536352,0.043054306,25,28.174633,2.587227672
M-6-28,M,T2,G,AMB,G_AMB,2.34935493,2.31025493,0.514905634,0.614421127,2.864260563,2.924676056,2.89446831,0.042720205,0.014759258,25,37.139953,1.948352163
M-7-28,M,T2,G,AMB,G_AMB,0.841507042,0.837939437,0.225042254,0.173159155,1.066549296,1.011098592,1.038823944,0.039209569,0.037744191,25,19.273741,1.347460184
M-8-28,M,T2,G,AMB,G_AMB,2.240670423,2.449423944,0.651667606,0.539928169,2.892338028,2.989352113,2.94084507,0.068599317,0.023326396,25,17.686792,4.156837869
M-9-28,M,T2,G,AMB,G_AMB,2.025090141,2.175347887,0.443691549,0.373250704,2.46878169,2.548598592,2.508690141,0.056439072,0.022497427,25,16.9759,3.694487687
M-1-27,M,T2,I,AMB,I_AMB,1.903847887,2.013923944,0.300426761,0.375287324,2.204274648,2.389211268,2.296742958,0.130769938,0.056937124,25,25.239883,2.274914426
M-2-27,M,T2,I,AMB,I_AMB,1.802246479,1.76796338,0.340267606,0.506416901,2.142514085,2.274380282,2.208447183,0.093243482,0.042221287,25,21.63055,2.552463048
M-3-27,M,T2,I,AMB,I_AMB,5.284376056,5.835721127,0.654469014,0.649778873,5.93884507,6.4855,6.212172535,0.386543408,0.062223547,25,18.541828,8.375890089
M-4-27,M,T2,I,AMB,I_AMB,0.923970423,1.017677465,0.183705634,0.275125352,1.107676056,1.292802817,1.200239437,0.130904388,0.109065228,25,18.829024,1.593602829
M-5-27,M,T2,I,AMB,I_AMB,0.85956338,0.93003662,0.272323944,0.265090141,1.131887324,1.195126761,1.163507042,0.044717034,0.038432973,25,14.787259,1.967076931
M-6-27,M,T2,I,AMB,I_AMB,1.274264789,1.389105634,0.708650704,0.649457746,1.982915493,2.03856338,2.010739437,0.039348998,0.019569417,25,33.916369,1.482130529
M-7-27,M,T2,I,AMB,I_AMB,0.815569014,0.887574648,0.240853521,0.168756338,1.056422535,1.056330986,1.056376761,6.47E-05,6.13E-05,25,20.875978,1.2650626
M-8-27,M,T2,I,AMB,I_AMB,2.474215493,2.747878873,0.437383099,0.418635211,2.911598592,3.166514085,3.039056338,0.180252474,0.059311988,25,16.176556,4.696698633
M-9-27,M,T2,I,AMB,I_AMB,2.757139437,3.160635211,0.635332394,0.7344,3.392471831,3.895035211,3.643753521,0.355365974,0.097527446,25,20.215864,4.506057126
BLANK,BLANK,BLANK,BLANK,BLANK,BLANK,0.02055493,0.01894507,0.076783099,0.077294366,0.097338028,0.096239437,0.096788732,0.000776822,0.00802595,25,,#DIV/0!
M-1-2,M,T3,C,AMB,C_AMB,1.676342254,1.781330986,0.259073239,0.278746479,1.935415493,2.060077465,1.997746479,0.088149326,0.04412438,25,25.7529,1.939341277
M-2-2,M,T3,C,AMB,C_AMB,0.910049296,0.982222535,0.50243662,0.490876056,1.412485915,1.473098592,1.442792254,0.042859634,0.029706033,25,35.2284,1.023884319
M-3-2,M,T3,C,AMB,C_AMB,2.301870423,2.474202817,0.495904225,0.505550704,2.797774648,2.979753521,2.888764085,0.128678495,0.04454448,25,20.6854,3.491307981
M-4-2,M,T3,C,AMB,C_AMB,1.728192958,1.888174648,0.363785915,0.422797183,2.091978873,2.310971831,2.201475352,0.154851405,0.070339832,25,29.4474,1.868989582
M-5-2,M,T3,C,AMB,C_AMB,1.232729577,1.365704225,0.437826761,0.490267606,1.670556338,1.855971831,1.763264085,0.131108552,0.074355596,25,23.7081,1.859347738
M-6-2,M,T3,C,AMB,C_AMB,0.633294366,0.691687324,0.313888732,0.344573239,0.947183099,1.036260563,0.991721831,0.062987279,0.063513051,25,56.3477,0.440001025
M-7-2,M,T3,C,AMB,C_AMB,0.72631831,0.803038028,0.231329577,0.297849296,0.957647887,1.100887324,1.029267606,0.101285577,0.098405484,25,25.0818,1.025910825
M-8-2,M,T3,C,AMB,C_AMB,1.132492958,0.852583099,0.352267606,0.297261972,1.484760563,1.14984507,1.317302817,0.236821016,0.179777203,25,35.4441,0.92914111
M-9-2,M,T3,C,AMB,C_AMB,1.545415493,1.609887324,0.255211268,0.299112676,1.800626761,1.909,1.85481338,0.076631453,0.041314912,25,25.3848,1.826696862
M-1-17,M,T3,E,AMB,E_AMB,2.221673239,2.345529577,0.373685915,0.406301408,2.595359155,2.751830986,2.67359507,0.110642293,0.04138334,25,30.3483,2.202425729
M-2-17,M,T3,E,AMB,E_AMB,0.620698592,0.56936338,0.238364789,0.247094366,0.85906338,0.816457746,0.837760563,0.030126733,0.03596103,25,41.814,0.500885208
M-3-17,M,T3,E,AMB,E_AMB,2.306725352,2.502664789,0.358035211,0.382905634,2.664760563,2.885570423,2.775165493,0.156136149,0.056261924,25,19.2918,3.596301917
M-4-17,M,T3,E,AMB,E_AMB,1.614897183,1.762360563,0.289947887,0.337787324,1.90484507,2.100147887,2.002496479,0.138099946,0.06896389,25,24.4553,2.047098665
M-5-17,M,T3,E,AMB,E_AMB,0.899526761,1.012474648,0.339156338,0.360088732,1.238683099,1.37256338,1.305623239,0.094667655,0.072507636,25,26.9838,1.209636189
M-6-17,M,T3,E,AMB,E_AMB,0.428416901,0.749191549,0.261561972,0.34524507,0.689978873,1.09443662,0.892207746,0.285994815,0.320547335,25,51.5609,0.432598998
M-7-16,M,T3,E,AMB,E_AMB,0.642425352,0.731946479,0.265546479,0.263623944,0.907971831,0.995570423,0.951771127,0.061941558,0.065080308,25,40.6032,0.586019776
M-8-17,M,T3,E,AMB,E_AMB,0.865822535,0.873511268,0.277909859,0.290615493,1.143732394,1.164126761,1.153929577,0.014420995,0.012497292,25,42.5579,0.677858622
M-9-17,M,T3,E,AMB,E_AMB,2.102916901,2.423961972,0.328090141,0.400326761,2.431007042,2.824288732,2.627647887,0.27809215,0.105833111,25,45.8265,1.433476202
M-1-12,M,T3,G,AMB,G_AMB,3.282739437,3.625253521,0.57065493,0.613352113,3.853394366,4.238605634,4.046,0.2723855,0.06732217,25,33.861,2.987212427
M-2-12,M,T3,G,AMB,G_AMB,2.710904225,2.847459155,0.63108169,0.667238028,3.341985915,3.514697183,3.428341549,0.122125309,0.03562227,25,25.2803,3.390329179
M-3-12,M,T3,G,AMB,G_AMB,2.130619718,2.353205634,0.440471831,0.487174648,2.571091549,2.840380282,2.705735915,0.190415889,0.070374898,25,14.7578,4.583569224
M-4-12,M,T3,G,AMB,G_AMB,1.439667606,1.593235211,0.470564789,0.395285915,1.910232394,1.988521127,1.949376761,0.055358494,0.028398047,25,24.1118,2.021185437
M-5-12,M,T3,G,AMB,G_AMB,1.699125352,1.466957746,0.376804225,0.397521127,2.075929577,1.864478873,1.970204225,0.149518227,0.07588971,25,21.259,2.316906046
M-6-12,M,T3,G,AMB,G_AMB,2.68084507,0.87804507,0.686070423,0.43686338,3.366915493,1.314908451,2.340911972,1.450988095,0.619838812,25,42.8828,1.364714974
M-7-12,M,T3,G,AMB,G_AMB,1.578746479,1.57014507,0.399887324,0.966861972,1.978633803,2.537007042,2.257820423,0.394829504,0.174871969,25,35.7971,1.57681797
M-8-12,M,T3,G,AMB,G_AMB,3.73853662,3.963350704,0.755357746,0.843008451,4.493894366,4.806359155,4.650126761,0.220945971,0.047513967,25,30.1593,3.854637509
M-9-12,M,T3,G,AMB,G_AMB,0.875043662,1.274791549,0.225752113,0.280567606,1.100795775,1.555359155,1.328077465,0.321424849,0.242022666,25,45.7212,0.726182528
M-1-7,M,T3,I,AMB,I_AMB,1.828712676,2.106922535,0.369730986,0.42906338,2.198443662,2.535985915,2.367214789,0.238678416,0.100826684,25,28.22,2.097107361
M-2-7,M,T3,I,AMB,I_AMB,2.093708451,2.257785915,0.312080282,0.468249296,2.405788732,2.726035211,2.565911972,0.226448457,0.088252621,25,22.5918,2.839428434
M-3-7,M,T3,I,AMB,I_AMB,2.102285915,2.288566197,0.354798592,0.38273662,2.457084507,2.671302817,2.564193662,0.15147522,0.059073237,25,22.1629,2.892439236
M-4-7,M,T3,I,AMB,I_AMB,1.145474648,1.264861972,0.276194366,0.29508169,1.421669014,1.559943662,1.490806338,0.097774941,0.065585273,25,20.8864,1.784422325
M-5-7,M,T3,I,AMB,I_AMB,1.969916901,2.128559155,0.411984507,0.460060563,2.381901408,2.588619718,2.485260563,0.146171919,0.058815531,25,39.2811,1.581715229
M-6-7,M,T3,I,AMB,I_AMB,0.617826761,0.652071831,0.292292958,0.330646479,0.910119718,0.98271831,0.946419014,0.051334956,0.054241256,25,45.7007,0.51772676
M-7-6,M,T3,I,AMB,I_AMB,0.910898592,1.0057,0.263594366,0.241060563,1.174492958,1.246760563,1.210626761,0.051100914,0.042210296,25,21.3545,1.417297011
M-8-7,M,T3,I,AMB,I_AMB,1.400167606,2.033242254,0.316487324,0.369152113,1.71665493,2.402394366,2.059524648,0.484891006,0.235438312,25,43.1601,1.192956369
M-9-7,M,T3,I,AMB,I_AMB,1.286564789,1.467601408,0.931956338,0.30264507,2.218521127,1.770246479,1.994383803,0.316978043,0.158935328,25,28.7559,1.73389096
M-1-22,M,T3,C,HEAT,C_HEAT,1.481021127,1.601387324,0.275661972,0.320746479,1.756683099,1.922133803,1.839408451,0.116991315,0.063602684,25,21.9898,2.091206435
M-2-22,M,T3,C,HEAT,C_HEAT,0.337749296,0.359398592,0.176750704,0.139580282,0.5145,0.498978873,0.506739437,0.010975094,0.021658259,25,40.9382,0.309453907
M-3-22,M,T3,C,HEAT,C_HEAT,0.923777465,0.968325352,0.259504225,0.199914085,1.18328169,1.168239437,1.175760563,0.010636479,0.009046467,25,31.2161,0.941629931
M-4-5,M,T3,C,HEAT,C_HEAT,0.987450704,1.077770423,0.269577465,0.301483099,1.257028169,1.379253521,1.318140845,0.086426375,0.065566874,25,26.3043,1.252780767
M-5-22,M,T3,C,HEAT,C_HEAT,0.306092958,0.307702817,0.164083099,0.163571831,0.470176056,0.471274648,0.470725352,0.000776822,0.001650265,25,19.3737,0.607428308
M-7-22,M,T3,C,HEAT,C_HEAT,0.165494366,0.153516901,0.231456338,0.197391549,0.396950704,0.350908451,0.373929577,0.03255679,0.087066634,25,28.7616,0.325025014
M-8-22,M,T3,C,HEAT,C_HEAT,1.508028169,1.642973239,0.282232394,0.3189,1.790260563,1.961873239,1.876066901,0.121348487,0.064682388,25,30.948,1.515499306
M-9-22,M,T3,C,HEAT,C_HEAT,1.814030986,1.947185915,0.450130986,0.494940845,2.264161972,2.442126761,2.353144366,0.125840109,0.053477428,25,44.3884,1.325314928
M-1-25,M,T3,E,HEAT,E_HEAT,1.745811268,1.784177465,0.361977465,0.361153521,2.107788732,2.145330986,2.126559859,0.026546382,0.012483252,25,27.4182,1.939003891
M-2-25,M,T3,E,HEAT,E_HEAT,0.425042254,0.450169014,0.133880282,0.152408451,0.558922535,0.602577465,0.58075,0.030868697,0.053153158,25,30.6068,0.47436354
M-3-25,M,T3,E,HEAT,E_HEAT,1.716125352,1.867890141,0.33353662,0.334567606,2.049661972,2.202457746,2.126059859,0.108042928,0.050818385,25,23.6914,2.243493271
BLANK,BLANK,BLANK,BLANK,BLANK,BLANK,0.028423944,0.020735211,0.081857746,0.069152113,0.11028169,0.089887324,0.100084507,0.014420995,0.144088182,25,,#DIV/0!
M-4-25,M,T3,E,HEAT,E_HEAT,1.050853521,1.277547887,0.291097183,0.366790141,1.341950704,1.644338028,1.493144366,0.213820127,0.143201242,25,28.0482,1.330873609
M-5-25,M,T3,E,HEAT,E_HEAT,0.937261972,1.048509859,0.365040845,0.3903,1.302302817,1.438809859,1.370556338,0.096525055,0.070427645,25,16.5099,2.075355299
M-6-25,M,T3,E,HEAT,E_HEAT,0.352856338,0.374235211,0.213608451,0.187884507,0.566464789,0.562119718,0.564292254,0.003072429,0.005444747,25,40.4468,0.348786711
M-7-25,M,T3,E,HEAT,E_HEAT,0.053202817,0.033433803,0.047480282,0.072692958,0.100683099,0.106126761,0.10340493,0.00384925,0.037225017,25,23.3409,0.11075508
M-8-25,M,T3,E,HEAT,E_HEAT,1.860188732,1.781305634,0.390029577,0.41508169,2.25021831,2.196387324,2.223302817,0.038064255,0.01712059,25,27.9445,1.989034351
M-9-25,M,T3,E,HEAT,E_HEAT,2.306712676,2.498608451,0.426202817,0.554602817,2.732915493,3.053211268,2.89306338,0.226483314,0.078284947,25,27.0392,2.674878861
M-1-24,M,T3,G,HEAT,G_HEAT,0.11105493,0.097287324,0.101057746,0.075135211,0.212112676,0.172422535,0.192267606,0.028065168,0.1459693,25,18.9945,0.253056945
M-2-24,M,T3,G,HEAT,G_HEAT,0.598984507,0.951505634,0.143015493,0.235550704,0.742,1.187056338,0.964528169,0.314702355,0.32627596,25,23.2514,1.037064617
M-3-15,M,T3,G,HEAT,G_HEAT,1.63626338,1.739011268,0.332391549,0.379284507,1.96865493,2.118295775,2.043475352,0.105812056,0.051780442,25,25.0436,2.039917736
M-4-24,M,T3,G,HEAT,G_HEAT,1.84424507,2.019011268,0.523846479,0.430474648,2.368091549,2.449485915,2.408788732,0.057554508,0.023893548,25,23.0859,2.608506418
M-5-24,M,T3,G,HEAT,G_HEAT,0.696001408,0.797319718,0.229597183,0.269370423,0.925598592,1.066690141,0.996144366,0.099766791,0.100152944,25,35.7588,0.696433022
M-8-24,M,T3,G,HEAT,G_HEAT,2.546260563,2.685957746,0.634140845,0.604922535,3.180401408,3.290880282,3.235640845,0.07812036,0.024143706,25,26.2453,3.082114555
M-9-24,M,T3,G,HEAT,G_HEAT,1.938916901,2.106677465,0.236273239,0.304174648,2.175190141,2.410852113,2.293021127,0.166638178,0.07267189,25,35.4116,1.618834737
M-1-23,M,T3,I,HEAT,I_HEAT,1.002570423,1.072412676,0.238267606,0.257742254,1.240838028,1.33015493,1.285496479,0.063156587,0.049130113,25,23.7064,1.355642863
M-2-23,M,T3,I,HEAT,I_HEAT,0.101756338,0.108801408,0.08886338,0.19644507,0.190619718,0.305246479,0.247933099,0.08105336,0.326916253,25,28.8929,0.214527703
M-3-23,M,T3,I,HEAT,I_HEAT,1.342921127,1.474221127,0.37253662,0.292969014,1.715457746,1.767190141,1.741323944,0.036580327,0.021007192,25,22.5143,1.933575487
M-4-23,M,T3,I,HEAT,I_HEAT,1.125177465,1.236219718,0.256132394,0.425357746,1.381309859,1.661577465,1.521443662,0.198179124,0.130257287,25,29.0911,1.307482067
M-5-23,M,T3,I,HEAT,I_HEAT,0.372883099,0.413039437,0.245116901,0.236150704,0.618,0.649190141,0.63359507,0.02205476,0.03480892,25,14.5055,1.09199109
M-6-23,M,T3,I,HEAT,I_HEAT,0.077969014,0.189590141,0.081270423,0.0231,0.159239437,0.212690141,0.185964789,0.037795355,0.20323931,25,9.6259,0.482980263
M-7-7,M,T3,I,HEAT,I_HEAT,0.573098592,0.581521127,0.359514085,0.273528169,0.932612676,0.855049296,0.893830986,0.054845592,0.061360137,25,25.9505,0.861092258
M-8-23,M,T3,I,HEAT,I_HEAT,0.248859155,0.27103662,0.151964789,0.160069014,0.400823944,0.431105634,0.415964789,0.021412388,0.051476445,25,29.3106,0.354790408
M-9-23,M,T3,I,HEAT,I_HEAT,0.705042254,0.654067606,0.185070423,0.178538028,0.890112676,0.832605634,0.861359155,0.04066362,0.047208669,25,34.411,0.625787651
P-1-21,P,T0,C,AMB,C_AMB,3.429198592,3.771171831,0.728632394,0.794222535,4.157830986,4.565394366,4.361612676,0.28819083,0.066074375,25,15.432035,7.065841731
P-2-21,P,T0,C,AMB,C_AMB,2.596178873,2.677288732,0.550123944,0.092661972,3.146302817,2.769950704,2.958126761,0.266121131,0.089962721,25,16.238633,4.55414991
P-3-21,P,T0,C,AMB,C_AMB,3.777250704,4.217888732,0.807439437,0.754597183,4.584690141,4.972485915,4.778588028,0.274213022,0.057383692,25,16.19612,7.37613087
P-4-21,P,T0,C,AMB,C_AMB,4.708471831,5.193439437,0.954760563,1.054461972,5.663232394,6.247901408,5.955566901,0.413423425,0.06941798,25,13.566059,10.97512347
P-5-21,P,T0,C,AMB,C_AMB,3.765801408,4.647464789,0.818649296,1.034725352,4.584450704,5.682190141,5.133320423,0.776219,0.151211874,25,14.432788,8.891768559
P-6-21,P,T0,C,AMB,C_AMB,5.821040845,5.974312676,1.20353662,1.276039437,7.024577465,7.250352113,7.137464789,0.159646785,0.022367436,25,29.877646,5.972244926
P-7-21,P,T0,C,AMB,C_AMB,2.741929577,2.844059155,0.670457746,0.675891549,3.412387324,3.519950704,3.466169014,0.076058796,0.021943187,25,16.942204,5.114696137
P-8-21,P,T0,C,AMB,C_AMB,1.088383099,1.145076056,0.460947887,0.495959155,1.549330986,1.641035211,1.595183099,0.06484468,0.040650305,25,20.158638,1.978287296
P-9-21,P,T0,C,AMB,C_AMB,3.274188732,3.610714085,0.864959155,0.890623944,4.139147887,4.501338028,4.320242958,0.256107105,0.059280718,25,18.272363,5.910898002
P-1-3,P,T1,C,AMB,C_AMB,2.913798592,3.020409859,0.767349296,0.718343662,3.681147887,3.738753521,3.709950704,0.040733334,0.010979481,25,21.461604,4.321613967
P-2-3,P,T1,C,AMB,C_AMB,3.289514085,3.499130986,0.689683099,0.744291549,3.979197183,4.243422535,4.111309859,0.186835538,0.045444285,25,24.378532,4.216117134
P-3-3,P,T1,C,AMB,C_AMB,2.005488732,2.141773239,0.529440845,0.577043662,2.534929577,2.718816901,2.626873239,0.130027974,0.049499143,25,20.045653,3.276113329
P-4-3,P,T1,C,AMB,C_AMB,3.311988732,4.089577465,1.02336338,1.113443662,4.335352113,5.203021127,4.76918662,0.613534644,0.128645552,25,23.803649,5.008881852
P-5-3,P,T1,C,AMB,C_AMB,3.658146479,3.891988732,0.708938028,0.820229577,4.367084507,4.71221831,4.539651408,0.244046452,0.053758853,25,20.469634,5.544372958
P-6-3,P,T1,C,AMB,C_AMB,2.116916901,2.292469014,0.547069014,0.555692958,2.663985915,2.848161972,2.756073944,0.130232138,0.047252774,25,36.694663,1.877707627
P-7-3,P,T1,C,AMB,C_AMB,3.02306338,3.130911268,0.876549296,0.910461972,3.899612676,4.041373239,3.970492958,0.100239856,0.025246199,25,14.338953,6.922564287
P-8-3,P,T1,C,AMB,C_AMB,1.219167606,1.336507042,0.267938028,0.238246479,1.487105634,1.574753521,1.530929577,0.061976415,0.040482865,25,25.457443,1.503420412
P-9-3,P,T1,C,AMB,C_AMB,1.017652113,1.245428169,0.411460563,0.441367606,1.429112676,1.686795775,1.557954225,0.182209466,0.116954313,25,26.334896,1.478982702
P-1-18,P,T1,E,AMB,E_AMB,1.713280282,1.804784507,0.724487324,0.638623944,2.437767606,2.443408451,2.440588028,0.00398868,0.001634311,25,20.717052,2.945143967
P-2-18,P,T1,E,AMB,E_AMB,2.080250704,2.26481831,0.543566197,0.643998592,2.623816901,2.908816901,2.766316901,0.201525433,0.072849728,25,15.118358,4.574433449
P-3-18,P,T1,E,AMB,E_AMB,2.11735493,2.608195775,0.596159155,0.853043662,2.713514085,3.461239437,3.087376761,0.528721667,0.17125272,25,21.308404,3.62225247
P-4-18,P,T1,E,AMB,E_AMB,3.464191549,3.990925352,1.073484507,1.163708451,4.537676056,5.154633803,4.84615493,0.436255006,0.090020854,25,30.896426,3.921290872
P-5-18,P,T1,E,AMB,E_AMB,3.565843662,3.861053521,0.760973239,0.777038028,4.326816901,4.638091549,4.482454225,0.220104414,0.04910355,25,24.925073,4.495928884
P-6-18,P,T1,E,AMB,E_AMB,1.493669014,1.539543662,0.551873239,0.571385915,2.045542254,2.110929577,2.078235915,0.04623582,0.022247628,25,27.392742,1.896703071
P-7-18,P,T1,E,AMB,E_AMB,2.165985915,3.700184507,0.701894366,1.161371831,2.867880282,4.861556338,3.86471831,1.409741859,0.364772215,25,30.331884,3.185359595
BLANK,BLANK,BLANK,BLANK,BLANK,BLANK,0.047369014,0.030832394,0.159152113,0.115174648,0.206521127,0.146007042,0.176264085,0.04278992,0.242760286,25,,#DIV/0!
P-8-18,P,T1,E,AMB,E_AMB,8.160440845,7.247919718,1.869291549,1.674376056,10.02973239,8.922295775,9.476014085,0.783075944,0.082637693,25,42.629631,5.557175761
P-9-18,P,T1,E,AMB,E_AMB,5.012904225,5.284056338,1.392025352,1.411943662,6.404929577,6.696,6.550464789,0.20581787,0.031420346,25,29.611461,5.530345825
P-1-13,P,T1,G,AMB,G_AMB,2.402287324,2.471640845,0.573832394,0.816887324,2.976119718,3.288528169,3.132323944,0.220906134,0.070524677,25,18.52476,4.227212584
P-2-13,P,T1,G,AMB,G_AMB,2.289957746,2.422043662,0.594359155,0.616787324,2.884316901,3.038830986,2.961573944,0.109257957,0.036891855,25,16.071645,4.606830763
P-3-13,P,T1,G,AMB,G_AMB,3.334333803,3.601467606,1.092004225,1.079116901,4.426338028,4.680584507,4.553461268,0.179779409,0.039481923,25,23.636661,4.816100366
P-4-13,P,T1,G,AMB,G_AMB,4.862723944,5.093178873,1.52681831,1.578595775,6.389542254,6.671774648,6.530658451,0.19956844,0.030558701,25,22.194666,7.356112557
P-5-13,P,T1,G,AMB,G_AMB,6.586550704,6.993716901,1.804892958,1.883860563,8.391443662,8.877577465,8.634510563,0.343748509,0.039811001,25,32.865812,6.568003373
P-6-13,P,T1,G,AMB,G_AMB,4.104864789,4.395683099,1.142670423,1.209359155,5.247535211,5.605042254,5.426288732,0.252795654,0.04658721,25,26.505331,5.118110704
P-7-13,P,T1,G,AMB,G_AMB,4.737669014,5.218425352,1.20678169,1.349476056,5.944450704,6.567901408,6.256176056,0.440846221,0.070465763,25,11.202566,13.96148002
P-8-13,P,T1,G,AMB,G_AMB,4.679829577,5.011164789,1.08503662,1.127497183,5.764866197,6.138661972,5.951764085,0.264313527,0.044409275,25,20.162468,7.379756393
P-9-13,P,T1,G,AMB,G_AMB,4.446529577,4.385998592,1.424209859,1.348761972,5.870739437,5.734760563,5.80275,0.096151583,0.016570003,25,27.144941,5.344227862
P-1-8,P,T1,I,AMB,I_AMB,3.242507042,3.398470423,0.988626761,1.014832394,4.231133803,4.413302817,4.32221831,0.128812945,0.029802508,25,27.034637,3.996926526
P-2-8,P,T1,I,AMB,I_AMB,3.723997183,4.019825352,1.032629577,1.090153521,4.756626761,5.109978873,4.933302817,0.249857675,0.050647139,25,26.432178,4.666001055
P-3-8,P,T1,I,AMB,I_AMB,1.41925493,1.462192958,0.590653521,0.531574648,2.009908451,1.993767606,2.001838028,0.011413301,0.005701411,25,14.559561,3.437325528
P-4-8,P,T1,I,AMB,I_AMB,3.763715493,4.00858169,0.974573239,0.957397183,4.738288732,4.965978873,4.852133803,0.161001243,0.033181534,25,20.752671,5.845191931
P-5-8,P,T1,I,AMB,I_AMB,4.481829577,4.772840845,1.07975493,1.07064507,5.561584507,5.843485915,5.702535211,0.199334398,0.0349554,25,23.944593,5.953886135
P-6-8,P,T1,I,AMB,I_AMB,1.827811268,1.971166197,0.407885915,0.426735211,2.235697183,2.397901408,2.316799296,0.114695708,0.049506104,25,29.393151,1.970526481
P-7-8,P,T1,I,AMB,I_AMB,2.635846479,2.746115493,0.764738028,0.7638,3.400584507,3.509915493,3.45525,0.077308682,0.022374266,25,11.28606,7.653800352
P-8-8,P,T1,I,AMB,I_AMB,8.006990141,8.444473239,2.277777465,2.358477465,10.28476761,10.8029507,10.54385915,0.366410783,0.034751107,25,36.049308,7.312109261
P-9-8,P,T1,I,AMB,I_AMB,2.021201408,2.176443662,0.675925352,0.73265493,2.697126761,2.909098592,2.803112676,0.149886719,0.053471528,25,22.889045,3.061631313
BLANK,BLANK,BLANK,BLANK,BLANK,BLANK,0.049635211,-0.02101831,-0.004402817,0.010461972,0.045232394,-0.010556338,0.017338028,0.039448591,2.275263981,25,,#DIV/0!
P-1-4,P,T2,C,HEAT,C_HEAT,0.650876056,0.557477465,0.989940845,0.682571831,1.640816901,1.240049296,1.440433099,0.283385492,0.196736309,25,23.952636,1.50341814
P-2-30,P,T2,C,HEAT,C_HEAT,0.109973239,0.116142254,0.146843662,0.15624507,0.256816901,0.272387324,0.264602113,0.011009951,0.041609461,25,34.791153,0.190136062
P-3-4,P,T2,C,HEAT,C_HEAT,0.156994366,0.088697183,0.253090141,0.100584507,0.410084507,0.18928169,0.299683099,0.156131169,0.520987569,25,33.08259,0.226465868
P-4-4,P,T2,C,HEAT,C_HEAT,0.073847887,0.072328169,0.120447887,0.117143662,0.194295775,0.189471831,0.191883803,0.003411043,0.017776609,25,24.073281,0.199270514
P-5-4,P,T2,C,HEAT,C_HEAT,0.281752113,0.288101408,0.247550704,0.249321127,0.529302817,0.537422535,0.533362676,0.005741508,0.010764735,25,27.897153,0.477972319
P-6-4,P,T2,C,HEAT,C_HEAT,0.109625352,0.11284507,0.093938028,0.092915493,0.20356338,0.205760563,0.204661972,0.001553643,0.007591264,25,34.607313,0.147845899
P-7-30,P,T2,C,HEAT,C_HEAT,0.18371831,0.110784507,0.339274648,0.112504225,0.522992958,0.223288732,0.373140845,0.21192289,0.567943426,25,16.147479,0.577707587
P-8-4,P,T2,C,HEAT,C_HEAT,0.047742254,0.056770423,0.075722535,0.09936338,0.123464789,0.156133803,0.139799296,0.023100481,0.165240327,25,43.873998,0.079659538
P-9-4,P,T2,C,HEAT,C_HEAT,0.411880282,0.467376056,0.217584507,0.438532394,0.629464789,0.905908451,0.76768662,0.195475188,0.254628885,25,20.781396,0.923526287
P-1-19,P,T2,E,HEAT,E_HEAT,0.806,0.840966197,0.240105634,0.247935211,1.046105634,1.088901408,1.067503521,0.030261182,0.028347618,25,27.39121,0.974312125
P-2-19,P,T2,E,HEAT,E_HEAT,0.169357746,0.172216901,0.135557746,0.149797183,0.304915493,0.322014085,0.313464789,0.01209053,0.038570616,25,21.073625,0.371868614
P-3-19,P,T2,E,HEAT,E_HEAT,0.244840845,0.230261972,0.119159155,0.127576056,0.364,0.357838028,0.360919014,0.004357172,0.012072437,25,29.421876,0.306675732
P-4-19,P,T2,E,HEAT,E_HEAT,0.603067606,0.630074648,0.308340845,0.314911268,0.911408451,0.944985915,0.928197183,0.023742853,0.025579536,25,17.039486,1.361832721
P-5-30,P,T2,E,HEAT,E_HEAT,0.034695775,0.058921127,0.019276056,0.075959155,0.053971831,0.134880282,0.094426056,0.057210914,0.605880584,25,35.880022,0.06579292
P-6-19,P,T2,E,HEAT,E_HEAT,0.553985915,0.604239437,0.221683099,0.258739437,0.775669014,0.862978873,0.819323944,0.061737393,0.075351629,25,25.426037,0.805595406
P-7-19,P,T2,E,HEAT,E_HEAT,0.558995775,0.571321127,0.21251831,0.299488732,0.771514085,0.870809859,0.821161972,0.070212716,0.0855041,25,15.851037,1.295123423
P-8-19,P,T2,E,HEAT,E_HEAT,0.030214085,0.060956338,0.073715493,0.192705634,0.103929577,0.253661972,0.178795775,0.105876791,0.592166071,25,34.065751,0.131213733
P-9-30,P,T2,E,HEAT,E_HEAT,0.161385915,0.238414085,0.202466197,0.05303662,0.363852113,0.291450704,0.327651408,0.051195527,0.156249983,25,28.037331,0.292156383
P-1-14,P,T2,G,HEAT,G_HEAT,0.239728169,0.278892958,0.200307042,0.233311268,0.440035211,0.512204225,0.476119718,0.051031199,0.107181445,25,34.676636,0.343256853
P-2-14,P,T2,G,HEAT,G_HEAT,1.197853521,1.228440845,0.42618169,0.416467606,1.624035211,1.644908451,1.634471831,0.014759609,0.009030201,25,18.838054,2.169109175
P-3-14,P,T2,G,HEAT,G_HEAT,1.077049296,1.142409859,0.332007042,0.405921127,1.409056338,1.548330986,1.478693662,0.098482048,0.06660071,25,24.612928,1.501948145
P-4-14,P,T2,G,HEAT,G_HEAT,1.265892958,1.288791549,0.521966197,0.499546479,1.787859155,1.788338028,1.788098592,0.000338615,0.000189371,25,19.87675,2.248982595
P-5-14,P,T2,G,HEAT,G_HEAT,0.04908169,0.049622535,0.086657746,0.063764789,0.135739437,0.113387324,0.12456338,0.01580533,0.12688585,25,19.801299,0.157266678
P-6-30,P,T2,G,HEAT,G_HEAT,0.888360563,1.053622535,0.270752113,0.309152113,1.159112676,1.362774648,1.260943662,0.144010761,0.11420872,25,57.232655,0.550797295
P-7-14,P,T2,G,HEAT,G_HEAT,0.720690141,0.775142254,0.199035211,0.261266197,0.919725352,1.036408451,0.978066901,0.08250741,0.084357635,25,22.912408,1.067180391
P-8-30,P,T2,G,HEAT,G_HEAT,0.146369014,0.125002817,0.161792958,0.119349296,0.308161972,0.244352113,0.276257042,0.045120384,0.163327544,25,19.502176,0.354136177
P-9-14,P,T2,G,HEAT,G_HEAT,0.200035211,0.209153521,0.122028169,0.141853521,0.32206338,0.351007042,0.336535211,0.02046626,0.060814616,25,34.073028,0.246922002
P-1-9,P,T2,I,HEAT,I_HEAT,0.243669014,0.243669014,0.168760563,0.168760563,0.412429577,0.412429577,0.412429577,1.24E-16,3.01E-16,25,20.721648,0.497582984
P-2-9,P,T2,I,HEAT,I_HEAT,0.176247887,0.169808451,0.114435211,0.116480282,0.290683099,0.286288732,0.288485915,0.003107286,0.010771015,25,25.264794,0.285462367
P-3-9,P,T2,I,HEAT,I_HEAT,0.30528169,0.434869014,0.198422535,0.191349296,0.503704225,0.62621831,0.564961268,0.08663054,0.153338901,25,19.840365,0.711883662
P-4-9,P,T2,I,HEAT,I_HEAT,0.746422535,0.841919718,0.327190141,0.410467606,1.073612676,1.252387324,1.163,0.126412766,0.108695413,25,24.485389,1.187442846
P-5-9,P,T2,I,HEAT,I_HEAT,0.735784507,0.778349296,0.304060563,0.328411268,1.03984507,1.106760563,1.073302817,0.047316399,0.044084855,25,17.962516,1.493809131
P-6-9,P,T2,I,HEAT,I_HEAT,0.06221831,0.055611268,0.139288732,0.080797183,0.201507042,0.136408451,0.168957746,0.046031656,0.272444777,25,22.813211,0.185153404
P-7-9,P,T2,I,HEAT,I_HEAT,0.034335211,0.015287324,0.034538028,0.029226761,0.068873239,0.044514085,0.056693662,0.017224524,0.303817447,25,20.601003,0.068799638
P-8-9,P,T2,I,HEAT,I_HEAT,0.408312676,0.528408451,0.165701408,0.222232394,0.574014085,0.750640845,0.662327465,0.12489398,0.188568324,25,53.955324,0.306886983
P-9-9,P,T2,I,HEAT,I_HEAT,0.127243662,0.145119718,0.092129577,0.147042254,0.219373239,0.292161972,0.255767606,0.051469406,0.201235048,25,26.113522,0.244861269
P-1-26,P,T2,C,AMB,C_AMB,0.451766197,0.475,0.220064789,0.31871831,0.671830986,0.79371831,0.732774648,0.086187353,0.117617815,25,44.274999,0.413763221
P-2-26,P,T2,C,AMB,C_AMB,0.105761972,0.09955493,0.18983662,0.384938028,0.295598592,0.484492958,0.390045775,0.133568487,0.342443108,25,22.45051,0.434339548
P-3-26,P,T2,C,AMB,C_AMB,0.151353521,0.152087324,0.28896338,0.190271831,0.440316901,0.342359155,0.391338028,0.069266587,0.176999376,25,25.034611,0.390796993
P-4-26,P,T2,C,AMB,C_AMB,0.514074648,0.660095775,0.355538028,0.464425352,0.869612676,1.124521127,0.997066901,0.180247494,0.180777733,25,29.673124,0.840042071
P-5-26,P,T2,C,AMB,C_AMB,1.264540845,1.225466197,0.579198592,0.542378873,1.843739437,1.76784507,1.805792254,0.053665421,0.029718491,25,22.516769,2.004941577
P-6-26,P,T2,C,AMB,C_AMB,1.94593662,2.401308451,0.480190141,0.547635211,2.426126761,2.948943662,2.687535211,0.369687376,0.137556291,25,45.421318,1.479225686
P-7-26,P,T2,C,AMB,C_AMB,1.628961972,1.825339437,0.641446479,0.715407042,2.270408451,2.540746479,2.405577465,0.191157853,0.079464435,25,17.479936,3.440483799
P-8-26,P,T2,C,AMB,C_AMB,1.489085915,1.365512676,1.151653521,1.039423944,2.640739437,2.40493662,2.522838028,0.166737771,0.06609135,25,12.118319,5.204595679
P-9-26,P,T2,C,AMB,C_AMB,1.824553521,1.946890141,0.613411268,0.642722535,2.437964789,2.589612676,2.513788732,0.107231249,0.042657224,25,19.569584,3.211346665
P-1-29,P,T2,E,AMB,E_AMB,1.822304225,1.734761972,2.128871831,0.626780282,3.951176056,2.361542254,3.156359155,1.124040842,0.356119436,25,44.767154,1.76265346
P-2-29,P,T2,E,AMB,E_AMB,1.586319718,1.86031831,0.552743662,0.655069014,2.13906338,2.515387324,2.327225352,0.266101212,0.114342692,25,48.585664,1.197485616
BLANK,BLANK,BLANK,BLANK,BLANK,BLANK,0.025474648,0.02395493,0.071433803,0.068129577,0.096908451,0.092084507,0.094496479,0.003411043,0.036097041,25,,#DIV/0!
P-3-29,P,T2,E,AMB,E_AMB,0.612649296,0.615147887,0.240921127,0.270422535,0.853570423,0.885570423,0.869570423,0.022627417,0.026021374,25,13.903099,1.56362697
P-4-29,P,T2,E,AMB,E_AMB,1.386980282,1.497507042,0.536526761,0.592309859,1.923507042,2.089816901,2.006661972,0.117598829,0.058604205,25,32.461747,1.545405098
P-5-29,P,T2,E,AMB,E_AMB,2.292623944,2.536666197,0.684397183,0.769728169,2.977021127,3.306394366,3.141707746,0.232902051,0.07413231,25,33.344945,2.355460285
P-6-29,P,T2,E,AMB,E_AMB,6.587014085,7.166667606,1.717647887,1.934966197,8.304661972,9.101633803,8.703147887,0.563544186,0.064751765,25,41.863631,5.197320251
P-7-29,P,T2,E,AMB,E_AMB,1.871394366,1.975829577,0.727288732,0.838022535,2.598683099,2.813852113,2.706267606,0.152147469,0.056220408,25,13.160462,5.140905398
P-8-29,P,T2,E,AMB,E_AMB,9.419870423,2.734630986,3.002995775,1.926228169,12.4228662,4.660859155,8.541862676,5.488567815,0.642549292,25,30.950046,6.89971727
P-9-29,P,T2,E,AMB,E_AMB,3.083980282,3.109495775,0.8004,1.614046479,3.884380282,4.723542254,4.303961268,0.593377121,0.137867672,25,20.375416,5.280826251
P-1-28,P,T2,G,AMB,G_AMB,0.614116901,0.739442254,0.043538028,0.352128169,0.65765493,1.091570423,0.874612676,0.306824588,0.35081196,25,24.695273,0.885404948
P-2-28,P,T2,G,AMB,G_AMB,1.419370423,1.540547887,0.450502817,0.461247887,1.869873239,2.001795775,1.935834507,0.093283319,0.048187652,25,40.756378,1.187442679
P-3-28,P,T2,G,AMB,G_AMB,3.430938028,3.695109859,0.993160563,1.038016901,4.424098592,4.733126761,4.578612676,0.218515914,0.047725355,25,44.144396,2.592975038
P-4-28,P,T2,G,AMB,G_AMB,2.261740845,2.317404225,0.841892958,1.123377465,3.103633803,3.44078169,3.272207746,0.238399557,0.072855875,25,47.292273,1.729779274
P-5-28,P,T2,G,AMB,G_AMB,1.174233803,1.308792958,0.479125352,0.667390141,1.653359155,1.976183099,1.814771127,0.228271,0.125785007,25,24.008937,1.88968292
P-6-28,P,T2,G,AMB,G_AMB,1.020601408,1.223598592,0.421884507,0.486169014,1.442485915,1.709767606,1.576126761,0.188996696,0.119912116,25,21.230655,1.855956352
P-7-28,P,T2,G,AMB,G_AMB,1.515923944,1.577433803,0.624329577,0.725974648,2.140253521,2.303408451,2.221830986,0.115367957,0.051924722,25,14.307164,3.882374917
P-8-28,P,T2,G,AMB,G_AMB,1.167511268,1.27698169,0.560784507,0.52601831,1.728295775,1.803,1.765647887,0.052823864,0.029917553,25,28.388925,1.554873853
P-9-28,P,T2,G,AMB,G_AMB,3.338674648,3.535966197,1.314050704,1.281688732,4.652725352,4.81765493,4.735190141,0.116622823,0.024628963,25,24.304613,4.87067017
P-1-27,P,T2,I,AMB,I_AMB,3.453488732,3.573584507,0.917835211,0.974366197,4.371323944,4.547950704,4.459637324,0.12489398,0.028005412,25,31.520333,3.537111524
P-2-27,P,T2,I,AMB,I_AMB,1.837277465,1.948988732,0.480616901,0.418630986,2.317894366,2.367619718,2.342757042,0.035161134,0.015008442,25,29.950033,1.955554642
P-3-27,P,T2,I,AMB,I_AMB,2.395191549,2.522628169,0.738921127,0.755252113,3.134112676,3.277880282,3.205996479,0.101659049,0.031709033,25,19.707847,4.066903502
P-4-27,P,T2,I,AMB,I_AMB,2.386628169,2.489916901,1.101392958,1.125392958,3.488021127,3.615309859,3.551665493,0.090006726,0.025342118,25,19.097728,4.649329874
P-5-27,P,T2,I,AMB,I_AMB,1.463892958,1.528004225,0.527247887,0.586411268,1.991140845,2.114415493,2.052778169,0.087168339,0.042463594,25,29.422642,1.744216384
P-6-27,P,T2,I,AMB,I_AMB,4.122135211,4.377716901,1.087956338,1.158261972,5.210091549,5.535978873,5.373035211,0.230437137,0.042887703,25,33.535296,4.005507519
P-7-27,P,T2,I,AMB,I_AMB,1.851380282,2.006532394,0.627612676,0.688157746,2.478992958,2.694690141,2.586841549,0.152520941,0.058960295,25,14.052086,4.602237613
P-8-27,P,T2,I,AMB,I_AMB,1.126516901,1.064260563,0.267067606,0.33228169,1.393584507,1.396542254,1.39506338,0.002091443,0.001499174,25,21.326022,1.635400381
P-9-27,P,T2,I,AMB,I_AMB,2.291722535,2.596270423,0.722552113,1.019666197,3.014274648,3.61593662,3.315105634,0.42543926,0.128333546,25,14.832257,5.587662137
P-1-2,P,T3,C,AMB,C_AMB,1.262698592,1.350069014,0.386653521,0.408135211,1.649352113,1.758204225,1.703778169,0.076970067,0.045176108,25,12.64072,3.369622476
P-2-2,P,T3,C,AMB,C_AMB,0.920184507,1.035283099,0.343956338,0.341484507,1.264140845,1.376767606,1.320454225,0.079639146,0.060311933,25,13.0096,2.537461231
P-3-2,P,T3,C,AMB,C_AMB,1.999873239,2.182173239,0.428978873,0.219608451,2.428852113,2.40178169,2.415316901,0.019141679,0.007925121,25,19.58464,3.083177558
P-4-2,P,T3,C,AMB,C_AMB,2.807702817,2.960974648,0.929797183,1.0023,3.7375,3.963274648,3.850387324,0.159646785,0.041462526,25,18.7168,5.142956226
P-5-2,P,T3,C,AMB,C_AMB,1.460042254,1.546961972,0.554978873,0.595538028,2.015021127,2.1425,2.078760563,0.090141176,0.043362943,25,22.43296,2.316636506
P-6-2,P,T3,C,AMB,C_AMB,1.749894366,1.860961972,0.527302817,0.560192958,2.277197183,2.42115493,2.349176056,0.101793499,0.043331575,25,8.65192,6.788019469
P-7-2,P,T3,C,AMB,C_AMB,1.903411268,2.025928169,0.724694366,0.746374648,2.628105634,2.772302817,2.700204225,0.101962806,0.037761146,25,23.23048,2.905885097
P-8-2,P,T3,C,AMB,C_AMB,1.175585915,1.216553521,0.421892958,0.378587324,1.597478873,1.595140845,1.596309859,0.001653236,0.001035661,25,13.28704,3.00350917
P-9-2,P,T3,C,AMB,C_AMB,2.099466197,2.21468169,0.609414085,0.940149296,2.708880282,3.154830986,2.931855634,0.315334767,0.107554671,25,7.55008,9.708028371
P-1-17,P,T3,E,AMB,E_AMB,3.371466197,3.731519718,1.954977465,1.458156338,5.326443662,5.189676056,5.258059859,0.096709301,0.018392583,25,13.5748,9.683494157
P-2-17,P,T3,E,AMB,E_AMB,1.410071831,1.508621127,0.438308451,0.460026761,1.848380282,1.968647887,1.908514085,0.08504204,0.044559294,25,3.86752,12.33680811
P-3-17,P,T3,E,AMB,E_AMB,3.729071831,3.90726338,1.155984507,0.917623944,4.885056338,4.824887324,4.854971831,0.042545918,0.008763371,25,13.8232,8.780477442
P-4-17,P,T3,E,AMB,E_AMB,4.247485915,4.497787324,1.260211268,1.351128169,5.507697183,5.848915493,5.678306338,0.241277781,0.042491153,25,15.75736,9.008974755
P-5-17,P,T3,E,AMB,E_AMB,2.126885915,2.269712676,0.801409859,0.774984507,2.928295775,3.044697183,2.986496479,0.082308225,0.027560128,25,23.12992,3.227958072
P-6-17,P,T3,E,AMB,E_AMB,6.201728169,6.740980282,1.321208451,1.422604225,7.52293662,8.163584507,7.843260563,0.453006465,0.057757416,25,14.48152,13.54011969
P-7-17,P,T3,E,AMB,E_AMB,4.156676056,4.383383099,0.978528169,0.986053521,5.135204225,5.36943662,5.252320423,0.165627314,0.031534122,25,19.32136,6.796002484
P-8-17,P,T3,E,AMB,E_AMB,2.129525352,2.305592958,0.554425352,0.676491549,2.683950704,2.982084507,2.833017606,0.210812434,0.07441268,25,11.35792,6.235775578
P-9-17,P,T3,E,AMB,E_AMB,2.26398169,2.279964789,0.814673239,0.949711268,3.07865493,3.229676056,3.154165493,0.106788063,0.033856202,25,15.65896,5.035719954
P-1-12,P,T3,G,AMB,G_AMB,2.539629577,2.723023944,1.185342254,0.86201831,3.724971831,3.585042254,3.655007042,0.098945153,0.027071125,25,19.80304,4.614199439
P-2-12,P,T3,G,AMB,G_AMB,3.345292958,3.591511268,0.831016901,0.756608451,4.176309859,4.348119718,4.262214789,0.121487916,0.028503471,25,19.18192,5.554989788
P-3-12,P,T3,G,AMB,G_AMB,5.837578873,6.051059155,1.720871831,1.67958169,7.558450704,7.730640845,7.644545775,0.121756816,0.015927279,25,26.66152,7.168145116
P-4-12,P,T3,G,AMB,G_AMB,5.196621127,5.449343662,1.257942254,1.314008451,6.45456338,6.763352113,6.608957746,0.218346607,0.033037979,25,24.6112,6.713363983
BLANK,BLANK,BLANK,BLANK,BLANK,BLANK_BLANK,0.044084507,0.03075493,0.02765493,0.050822535,0.071739437,0.081577465,0.076658451,0.006956536,0.090747157,25,,#DIV/0!
P-5-12,P,T3,G,AMB,G_AMB,4.225101408,4.624991549,0.922715493,1.174402817,5.147816901,5.799394366,5.473605634,0.460734844,0.08417392,25,17.46808,7.833725335
P-6-12,P,T3,G,AMB,G_AMB,4.909680282,5.297811268,1.50054507,1.506033803,6.410225352,6.80384507,6.607035211,0.278331172,0.042126485,25,14.27536,11.57069806
P-7-12,P,T3,G,AMB,G_AMB,3.38738169,3.628023944,1.010780282,1.104764789,4.398161972,4.732788732,4.565475352,0.236616852,0.051827429,25,17.88328,6.382323813
P-8-12,P,T3,G,AMB,G_AMB,4.695309859,5.013573239,1.038464789,1.160814085,5.733774648,6.174387324,5.954080986,0.311560211,0.052327171,25,23.35048,6.374688
P-9-12,P,T3,G,AMB,G_AMB,2.82181831,2.962494366,1.008625352,1.005604225,3.830443662,3.968098592,3.899271127,0.097336734,0.024962802,25,18.16744,5.365741027
P-1-7,P,T3,I,AMB,I_AMB,2.326598592,2.516356338,0.734197183,0.817833803,3.060795775,3.334190141,3.197492958,0.19331901,0.060459558,25,16.13632,4.953875725
P-2-7,P,T3,I,AMB,I_AMB,3.233967606,3.410009859,0.741405634,0.999807042,3.975373239,4.409816901,4.19259507,0.307198059,0.073271579,25,17.60704,5.953009521
P-3-7,P,T3,I,AMB,I_AMB,3.224039437,3.346646479,1.229277465,1.247142254,4.453316901,4.593788732,4.523552817,0.099328584,0.021958091,25,22.738,4.973560578
P-4-7,P,T3,I,AMB,I_AMB,5.069559155,5.357891549,1.631539437,1.600559155,6.701098592,6.958450704,6.829774648,0.181975424,0.026644426,25,13.72576,12.43970215
P-5-7,P,T3,I,AMB,I_AMB,5.038198592,5.330897183,1.471090141,1.525821127,6.509288732,6.85671831,6.683003521,0.24566981,0.036760389,25,19.07704,8.757914647
P-6-7,P,T3,I,AMB,I_AMB,4.084876056,4.846160563,0.906659155,1.14581831,4.991535211,5.991978873,5.491757042,0.707420498,0.128814966,25,16.73488,8.204057995
P-7-7,P,T3,I,AMB,I_AMB,3.831574648,4.128330986,1.077988732,1.434380282,4.90956338,5.562711268,5.236137324,0.4618453,0.088203435,25,26.65336,4.911329495
P-8-7,P,T3,I,AMB,I_AMB,3.427898592,3.645294366,0.986552113,1.050050704,4.414450704,4.69534507,4.554897887,0.198622311,0.043606315,25,20.83816,5.464611424
P-9-7,P,T3,I,AMB,I_AMB,5.719247887,6.06754507,1.792533803,1.996229577,7.51178169,8.063774648,7.787778169,0.390317964,0.050119297,25,11.16808,17.4331178
P-1-22,P,T3,C,HEAT,C_HEAT,1.134605634,1.148566197,0.533366197,0.483490141,1.667971831,1.632056338,1.650014085,0.025396089,0.015391437,25,17.55592,2.349654824
P-2-22,P,T3,C,HEAT,C_HEAT,1.109504225,1.098930986,0.378502817,0.487892958,1.488007042,1.586823944,1.537415493,0.069874101,0.045449068,25,20.58952,1.866745185
P-4-22,P,T3,C,HEAT,C_HEAT,1.967522535,2.126215493,0.783857746,0.55926338,2.751380282,2.685478873,2.718429577,0.046599333,0.017142005,25,22.27504,3.050981701
P-5-22,P,T3,C,HEAT,C_HEAT,1.920294366,2.053977465,0.348219718,0.438304225,2.268514085,2.49228169,2.380397887,0.158227591,0.066471069,25,16.74832,3.553189047
P-7-22,P,T3,C,HEAT,C_HEAT,0.695988732,0.757240845,0.297764789,0.342688732,0.993753521,1.099929577,1.046841549,0.075077809,0.071718408,25,12.19216,2.146546529
P-8-22,P,T3,C,HEAT,C_HEAT,2.765395775,2.947026761,0.962167606,0.984008451,3.72756338,3.931035211,3.829299296,0.143876311,0.037572491,25,12.82768,7.462961533
P-9-22,P,T3,C,HEAT,C_HEAT,1.891459155,2.029623944,0.554294366,0.589939437,2.445753521,2.61956338,2.532658451,0.12290213,0.048526926,25,13.14472,4.816874096
P-2-25,P,T3,E,HEAT,E_HEAT,1.26081831,1.321452113,0.398611268,0.402076056,1.659429577,1.723528169,1.691478873,0.045324549,0.026795811,25,13.60864,3.107362075
P-4-25,P,T3,E,HEAT,E_HEAT,1.516001408,1.664919718,0.68868169,0.607305634,2.204683099,2.272225352,2.238454225,0.047759585,0.021335967,25,19.39912,2.884736815
P-5-25,P,T3,E,HEAT,E_HEAT,4.255483099,4.646898592,1.056967606,1.193953521,5.312450704,5.840852113,5.576651408,0.373636219,0.067000103,25,27.81616,5.012060802
P-6-25,P,T3,E,HEAT,E_HEAT,4.059776056,4.295511268,1.225153521,1.256319718,5.284929577,5.551830986,5.418380282,0.188727796,0.034831035,25,22.51888,6.015374967
P-7-20,P,T3,E,HEAT,E_HEAT,1.276028169,1.416678873,0.363485915,0.4968,1.639514085,1.913478873,1.776496479,0.19372236,0.109047421,25,15.36112,2.891222253
P-8-25,P,T3,E,HEAT,E_HEAT,0.344008451,0.370216901,0.18233662,0.155078873,0.52634507,0.525295775,0.525820423,0.000741964,0.00141106,25,11.09296,1.185031819
P-9-25,P,T3,E,HEAT,E_HEAT,0.570805634,0.59486338,0.186046479,0.182192958,0.756852113,0.777056338,0.766954225,0.014286545,0.018627637,25,19.8736,0.964790256
P-1-24,P,T3,G,HEAT,G_HEAT,0.636797183,0.667101408,0.233252113,0.303152113,0.870049296,0.970253521,0.920151408,0.070855087,0.077003726,25,19.012,1.209961351
P-2-24,P,T3,G,HEAT,G_HEAT,4.652088732,4.990571831,1.177157746,1.255216901,5.829246479,6.245788732,6.037517606,0.294539852,0.048784926,25,31.13776,4.847424482
P-4-24,P,T3,G,HEAT,G_HEAT,2.521469014,2.8773,0.736685915,0.824383099,3.25815493,3.701683099,3.479919014,0.313621776,0.090123297,25,26.26168,3.312734576
P-5-15,P,T3,G,HEAT,G_HEAT,2.442971831,2.636850704,0.610140845,0.6546,3.053112676,3.291450704,3.17228169,0.168530436,0.053125937,25,14.40352,5.506087557
P-6-15,P,T3,G,HEAT,G_HEAT,5.237383099,5.648297183,1.358602817,1.481822535,6.595985915,7.130119718,6.863052817,0.377689634,0.055032308,25,25.10464,6.834446557
P-1-23,P,T3,I,HEAT,I_HEAT,0.371646479,0.407861972,0.162198592,0.184778873,0.53384507,0.592640845,0.563242958,0.041574891,0.073813423,25,26.07544,0.540012899
P-2-23,P,T3,I,HEAT,I_HEAT,1.431360563,1.58758169,0.4164,0.499326761,1.847760563,2.086908451,1.967334507,0.169103093,0.085955435,25,18.4744,2.662244115
P-3-23,P,T3,I,HEAT,I_HEAT,0.783449296,0.8642,0.315430986,0.346588732,1.098880282,1.210788732,1.154834507,0.079131224,0.068521701,25,18.97576,1.521460151
P-4-23,P,T3,I,HEAT,I_HEAT,0.711739437,0.742597183,0.239746479,0.218585915,0.951485915,0.961183099,0.956334507,0.006856944,0.007170027,25,21.15664,1.130064258
P-5-23,P,T3,I,HEAT,I_HEAT,3.535926761,3.719077465,1.012833803,1.037978873,4.548760563,4.757056338,4.652908451,0.147287355,0.031654901,25,25.68616,4.528614291
P-6-23,P,T3,I,HEAT,I_HEAT,0.313408451,0.335135211,0.26021831,0.2874,0.573626761,0.622535211,0.598080986,0.034583497,0.057824104,25,18.58456,0.804540148
P-7-23,P,T3,I,HEAT,I_HEAT,1.488323944,1.586602817,0.439964789,0.473129577,1.928288732,2.059732394,1.994010563,0.092944705,0.046611942,25,17.00272,2.931899372
P-8-23,P,T3,I,HEAT,I_HEAT,0.063750704,0.066146479,0.074425352,0.175909859,0.138176056,0.242056338,0.190116197,0.073454452,0.386366089,25,20.48104,0.232063652
P-9-10,P,T3,I,HEAT,I_HEAT,0.775142254,0.824507042,0.261266197,0.268309859,1.036408451,1.092816901,1.064612676,0.039886798,0.037466018,25,21.96736,1.211584683
