"","Frag.ID","Timepoint","Date","Treatment","Temperature","T.T","Weight","Temp","Salinity","sw_dens","skel_dens","dry_weight.g"
"1","M-1-1",0,"7/20/2023","C","AMB","C-AMB",9.34,26.4,53.1,1.03663275902499,2.93,14.4537200220637
"2","M-1-10",0,"7/20/2023","I","HEAT","I-HEAT",8.349,25.1,53,1.03698865967124,2.93,12.9225691779277
"3","M-1-11",0,"7/20/2023","G","AMB","G-AMB",9.389,26.4,53.1,1.03663275902499,2.93,14.5295478894171
"4","M-1-12",0,"7/20/2023","G","AMB","G-AMB",8.708,26.4,53.1,1.03663275902499,2.93,13.475695283954
"5","M-1-15",0,"7/20/2023","G","HEAT","G-HEAT",8.647,25.1,53,1.03698865967124,2.93,13.3838131131322
"6","M-1-16",0,"7/20/2023","E","AMB","E-AMB",10.252,26.4,53.1,1.03663275902499,2.93,15.8650468593358
"7","M-1-17",0,"7/20/2023","E","AMB","E-AMB",8.36,26.4,53.1,1.03663275902499,2.93,12.9371626749949
"8","M-1-2",0,"7/20/2023","C","AMB","C-AMB",8.604,26.4,53.1,1.03663275902499,2.93,13.3147545042651
"9","M-1-20",0,"7/20/2023","E","HEAT","E-HEAT",8.473,25.1,53,1.03698865967124,2.93,13.1144961845229
"10","M-1-22",0,"7/20/2023","C","HEAT","C-HEAT",8.453,25.1,53,1.03698865967124,2.93,13.0835402157172
"11","M-1-23",0,"7/20/2023","I","HEAT","I-HEAT",8.165,25.1,53,1.03698865967124,2.93,12.6377742649155
"12","M-1-24",0,"7/20/2023","G","HEAT","G-HEAT",7.305,25.1,53,1.03698865967124,2.93,11.3066676062716
"13","M-1-25",0,"7/20/2023","E","HEAT","E-HEAT",8.794,25.1,53,1.03698865967124,2.93,13.6113394838539
"14","M-1-5",0,"7/20/2023","C","HEAT","C-HEAT",10.094,25.1,53,1.03698865967124,2.93,15.6234774562226
"15","M-1-6",0,"7/20/2023","I","AMB","I-AMB",8.303,26.4,53.1,1.03663275902499,2.93,12.8489547476654
"16","M-1-7",0,"7/20/2023","I","AMB","I-AMB",8.511,26.4,53.1,1.03663275902499,2.93,13.1708363070432
"17","M-2-1",0,"7/20/2023","C","AMB","C-AMB",8.862,26.4,53.1,1.03663275902499,2.93,13.7140114384934
"18","M-2-10",0,"7/20/2023","I","HEAT","I-HEAT",8.833,25.1,53,1.03698865967124,2.93,13.671703623025
"19","M-2-11",0,"7/20/2023","G","AMB","G-AMB",8.977,26.4,53.1,1.03663275902499,2.93,13.8919748006494
"20","M-2-12",0,"7/20/2023","G","AMB","G-AMB",8.281,26.4,53.1,1.03663275902499,2.93,12.8149095827312
"21","M-2-15",0,"7/20/2023","G","HEAT","G-HEAT",8.474,25.1,53,1.03698865967124,2.93,13.1160439829632
"22","M-2-16",0,"7/20/2023","E","AMB","E-AMB",8.051,26.4,53.1,1.03663275902499,2.93,12.4589828584191
"23","M-2-17",0,"7/20/2023","E","AMB","E-AMB",9.559,26.4,53.1,1.03663275902499,2.93,14.7926241639086
"24","M-2-2",0,"7/20/2023","C","AMB","C-AMB",8.158,26.4,53.1,1.03663275902499,2.93,12.6245661605991
"25","M-2-20",0,"7/20/2023","E","HEAT","E-HEAT",9.17,25.1,53,1.03698865967124,2.93,14.1933116974005
"26","M-2-22",0,"7/20/2023","C","HEAT","C-HEAT",9.117,25.1,53,1.03698865967124,2.93,14.1112783800655
"27","M-2-23",0,"7/20/2023","I","HEAT","I-HEAT",8.678,25.1,53,1.03698865967124,2.93,13.431794864781
"28","M-2-24",0,"7/20/2023","G","HEAT","G-HEAT",8.152,25.1,53,1.03698865967124,2.93,12.6176528851918
"29","M-2-25",0,"7/20/2023","E","HEAT","E-HEAT",8.29,25.1,53,1.03698865967124,2.93,12.831249069951
"30","M-2-5",0,"7/20/2023","C","HEAT","C-HEAT",8,25.1,53,1.03698865967124,2.93,12.3823875222687
"31","M-2-6",0,"7/20/2023","I","AMB","I-AMB",9.181,26.4,53.1,1.03663275902499,2.93,14.2076663300392
"32","M-2-7",0,"7/20/2023","I","AMB","I-AMB",7.829,26.4,53.1,1.03663275902499,2.93,12.1154361940831
"33","M-3-1",0,"7/20/2023","C","AMB","C-AMB",9.013,26.4,53.1,1.03663275902499,2.93,13.9476850705417
"34","M-3-10",0,"7/20/2023","I","HEAT","I-HEAT",8.055,25.1,53,1.03698865967124,2.93,12.4675164364843
"35","M-3-11",0,"7/20/2023","G","AMB","G-AMB",8.292,26.4,53.1,1.03663275902499,2.93,12.8319321651983
"36","M-3-12",0,"7/20/2023","G","AMB","G-AMB",7.926,26.4,53.1,1.03663275902499,2.93,12.265544421293
"37","M-3-15",0,"7/20/2023","G","HEAT","G-HEAT",8.015,25.1,53,1.03698865967124,2.93,12.405604498873
"38","M-3-16",0,"7/20/2023","E","AMB","E-AMB",8.165,26.4,53.1,1.03663275902499,2.93,12.6353987130781
"39","M-3-17",0,"7/20/2023","E","AMB","E-AMB",8.156,26.4,53.1,1.03663275902499,2.93,12.6214711456051
"40","M-3-2",0,"7/20/2023","C","AMB","C-AMB",7.897,26.4,53.1,1.03663275902499,2.93,12.2206667038797
"41","M-3-20",0,"7/20/2023","E","HEAT","E-HEAT",7.88,25.1,53,1.03698865967124,2.93,12.1966517094347
"42","M-3-22",0,"7/20/2023","C","HEAT","C-HEAT",8.768,25.1,53,1.03698865967124,2.93,13.5710967244065
"43","M-3-23",0,"7/20/2023","I","HEAT","I-HEAT",8.727,25.1,53,1.03698865967124,2.93,13.5076369883549
"44","M-3-24",0,"7/20/2023","G","HEAT","G-HEAT",8.269,25.1,53,1.03698865967124,2.93,12.798745302705
"45","M-3-25",0,"7/20/2023","E","HEAT","E-HEAT",8.475,25.1,53,1.03698865967124,2.93,13.1175917814034
"46","M-3-5",0,"7/20/2023","C","HEAT","C-HEAT",7.9,25.1,53,1.03698865967124,2.93,12.2276076782404
"47","M-3-6",0,"7/20/2023","I","AMB","I-AMB",9.45,26.4,53.1,1.03663275902499,2.93,14.6239458467347
"48","M-3-7",0,"7/20/2023","I","AMB","I-AMB",7.884,26.4,53.1,1.03663275902499,2.93,12.2005491064186
"49","M-4-1",0,"7/20/2023","C","AMB","C-AMB",8.077,26.4,53.1,1.03663275902499,2.93,12.4992180533414
"50","M-4-10",0,"7/20/2023","I","HEAT","I-HEAT",9.888,25.1,53,1.03698865967124,2.93,15.3046309775242
"51","M-4-11",0,"7/20/2023","G","AMB","G-AMB",9.707,26.4,53.1,1.03663275902499,2.93,15.021655273466
"52","M-4-12",0,"7/20/2023","G","AMB","G-AMB",8.55,26.4,53.1,1.03663275902499,2.93,13.2311890994266
"53","M-4-15",0,"7/20/2023","G","HEAT","G-HEAT",10.274,25.1,53,1.03698865967124,2.93,15.9020811754736
"54","M-4-16",0,"7/20/2023","E","AMB","E-AMB",10.713,26.4,53.1,1.03663275902499,2.93,16.578447815457
"55","M-4-17",0,"7/20/2023","E","AMB","E-AMB",8.468,26.4,53.1,1.03663275902499,2.93,13.1042934846719
"56","M-4-2",0,"7/20/2023","C","AMB","C-AMB",9.466,26.4,53.1,1.03663275902499,2.93,14.6487059666868
"57","M-4-20",0,"7/20/2023","E","HEAT","E-HEAT",8.904,25.1,53,1.03698865967124,2.93,13.7815973122851
"58","M-4-22",0,"7/20/2023","C","HEAT","C-HEAT",8.052,25.1,53,1.03698865967124,2.93,12.4628730411635
"59","M-4-23",0,"7/20/2023","I","HEAT","I-HEAT",9.315,25.1,53,1.03698865967124,2.93,14.4177424712417
"60","M-4-24",0,"7/20/2023","G","HEAT","G-HEAT",8.509,25.1,53,1.03698865967124,2.93,13.1702169283731
"61","M-4-25",0,"7/20/2023","E","HEAT","E-HEAT",8.093,25.1,53,1.03698865967124,2.93,12.5263327772151
"62","M-4-5",0,"7/20/2023","C","HEAT","C-HEAT",8.484,25.1,53,1.03698865967124,2.93,13.131521967366
"63","M-4-6",0,"7/20/2023","I","AMB","I-AMB",9.646,26.4,53.1,1.03663275902499,2.93,14.9272573161484
"64","M-4-7",0,"7/20/2023","I","AMB","I-AMB",8.19,26.4,53.1,1.03663275902499,2.93,12.6740864005034
"65","M-5-1",0,"7/20/2023","C","AMB","C-AMB",8.19,26.4,53.1,1.03663275902499,2.93,12.6740864005034
"66","M-5-10",0,"7/20/2023","I","HEAT","I-HEAT",8.334,25.1,53,1.03698865967124,2.93,12.8993522013234
"67","M-5-11",0,"7/20/2023","G","AMB","G-AMB",9.178,26.4,53.1,1.03663275902499,2.93,14.2030238075482
"68","M-5-12",0,"7/20/2023","G","AMB","G-AMB",8.727,26.4,53.1,1.03663275902499,2.93,13.5050979263972
"69","M-5-15",0,"7/20/2023","G","HEAT","G-HEAT",7.481,25.1,53,1.03698865967124,2.93,11.5790801317615
"70","M-5-16",0,"7/20/2023","E","AMB","E-AMB",7.973,26.4,53.1,1.03663275902499,2.93,12.3382772736524
"71","M-5-17",0,"7/20/2023","E","AMB","E-AMB",10.518,26.4,53.1,1.03663275902499,2.93,16.2766838535402
"72","M-5-2",0,"7/20/2023","C","AMB","C-AMB",8.333,26.4,53.1,1.03663275902499,2.93,12.8953799725757
"73","M-5-20",0,"7/20/2023","E","HEAT","E-HEAT",9.008,25.1,53,1.03698865967124,2.93,13.9425683500746
"74","M-5-22",0,"7/20/2023","C","HEAT","C-HEAT",8.512,25.1,53,1.03698865967124,2.93,13.1748603236939
"75","M-5-23",0,"7/20/2023","I","HEAT","I-HEAT",11.69,25.1,53,1.03698865967124,2.93,18.0937637669152
"76","M-5-24",0,"7/20/2023","G","HEAT","G-HEAT",8.204,25.1,53,1.03698865967124,2.93,12.6981384040866
"77","M-5-25",0,"7/20/2023","E","HEAT","E-HEAT",8.59,25.1,53,1.03698865967124,2.93,13.295588602036
"78","M-5-5",0,"7/20/2023","C","HEAT","C-HEAT",9.364,25.1,53,1.03698865967124,2.93,14.4935845948155
"79","M-5-6",0,"7/20/2023","I","AMB","I-AMB",9.559,26.4,53.1,1.03663275902499,2.93,14.7926241639086
"80","M-5-7",0,"7/20/2023","I","AMB","I-AMB",8.754,26.4,53.1,1.03663275902499,2.93,13.5468806288164
"81","M-6-1",0,"7/20/2023","C","AMB","C-AMB",9.454,26.4,53.1,1.03663275902499,2.93,14.6301358767227
"82","M-6-10",0,"7/20/2023","I","HEAT","I-HEAT",10.406,25.1,53,1.03698865967124,2.93,16.106390569591
"83","M-6-11",0,"7/20/2023","G","AMB","G-AMB",8.986,26.4,53.1,1.03663275902499,2.93,13.9059023681225
"84","M-6-12",0,"7/20/2023","G","AMB","G-AMB",10.685,26.4,53.1,1.03663275902499,2.93,16.5351176055407
"85","M-6-15",0,"7/20/2023","G","HEAT","G-HEAT",8.408,25.1,53,1.03698865967124,2.93,13.0138892859044
"86","M-6-16",0,"7/20/2023","E","AMB","E-AMB",9.18,26.4,53.1,1.03663275902499,2.93,14.2061188225422
"87","M-6-17",0,"7/20/2023","E","AMB","E-AMB",10.168,26.4,53.1,1.03663275902499,2.93,15.7350562295871
"88","M-6-2",0,"7/20/2023","C","AMB","C-AMB",9.761,26.4,53.1,1.03663275902499,2.93,15.1052206783044
"89","M-6-20",0,"7/20/2023","E","HEAT","E-HEAT",9.395,25.1,53,1.03698865967124,2.93,14.5415663464643
"90","M-6-22",0,"7/20/2023","C","HEAT","C-HEAT",10.283,25.1,53,1.03698865967124,2.93,15.9160113614362
"91","M-6-23",0,"7/20/2023","I","HEAT","I-HEAT",10.012,25.1,53,1.03698865967124,2.93,15.4965579841193
"92","M-6-24",0,"7/20/2023","G","HEAT","G-HEAT",13.206,25.1,53,1.03698865967124,2.93,20.4402262023851
"93","M-6-25",0,"7/20/2023","E","HEAT","E-HEAT",9.886,25.1,53,1.03698865967124,2.93,15.3015353806436
"94","M-6-5",0,"7/20/2023","C","HEAT","C-HEAT",10.245,25.1,53,1.03698865967124,2.93,15.8571950207054
"95","M-6-6",0,"7/20/2023","I","AMB","I-AMB",9.95,26.4,53.1,1.03663275902499,2.93,15.3976995952391
"96","M-6-7",0,"7/20/2023","I","AMB","I-AMB",10.072,26.4,53.1,1.03663275902499,2.93,15.5864955098742
"97","M-7-1",0,"7/20/2023","C","AMB","C-AMB",8.42,26.4,53.1,1.03663275902499,2.93,13.0300131248154
"98","M-7-10",0,"7/20/2023","I","HEAT","I-HEAT",10.057,25.1,53,1.03698865967124,2.93,15.5662089139321
"99","M-7-11",0,"7/20/2023","G","AMB","G-AMB",9.812,26.4,53.1,1.03663275902499,2.93,15.1841435606519
"100","M-7-12",0,"7/20/2023","G","AMB","G-AMB",10.746,26.4,53.1,1.03663275902499,2.93,16.6295155628583
"101","M-7-15",0,"7/20/2023","G","HEAT","G-HEAT",9.263,25.1,53,1.03698865967124,2.93,14.3372569523469
"102","M-7-16",0,"7/20/2023","E","AMB","E-AMB",8.434,26.4,53.1,1.03663275902499,2.93,13.0516782297736
"103","M-7-17",0,"7/20/2023","E","AMB","E-AMB",10.187,26.4,53.1,1.03663275902499,2.93,15.7644588720303
"104","M-7-2",0,"7/20/2023","C","AMB","C-AMB",8.223,26.4,53.1,1.03663275902499,2.93,12.7251541479047
"105","M-7-20",0,"7/20/2023","E","HEAT","E-HEAT",10.093,25.1,53,1.03698865967124,2.93,15.6219296577823
"106","M-7-22",0,"7/20/2023","C","HEAT","C-HEAT",9.493,25.1,53,1.03698865967124,2.93,14.6932505936121
"107","M-7-23",0,"7/20/2023","I","HEAT","I-HEAT",8.25,25.1,53,1.03698865967124,2.93,12.7693371323396
"108","M-7-24",0,"7/20/2023","G","HEAT","G-HEAT",9.879,25.1,53,1.03698865967124,2.93,15.2907007915616
"109","M-7-25",0,"7/20/2023","E","HEAT","E-HEAT",8.517,25.1,53,1.03698865967124,2.93,13.1825993158953
"110","M-7-5",0,"7/20/2023","C","HEAT","C-HEAT",10.323,25.1,53,1.03698865967124,2.93,15.9779232990475
"111","M-7-6",0,"7/20/2023","I","AMB","I-AMB",9.464,26.4,53.1,1.03663275902499,2.93,14.6456109516928
"112","M-7-7",0,"7/20/2023","I","AMB","I-AMB",8.313,26.4,53.1,1.03663275902499,2.93,12.8644298226355
"113","M-8-1",0,"7/20/2023","C","AMB","C-AMB",10.244,26.4,53.1,1.03663275902499,2.93,15.8526667993598
"114","M-8-10",0,"7/20/2023","I","HEAT","I-HEAT",10.421,25.1,53,1.03698865967124,2.93,16.1296075461953
"115","M-8-11",0,"7/20/2023","G","AMB","G-AMB",10.561,26.4,53.1,1.03663275902499,2.93,16.3432266759116
"116","M-8-12",0,"7/20/2023","G","AMB","G-AMB",10.277,26.4,53.1,1.03663275902499,2.93,15.9037345467611
"117","M-8-15",0,"7/20/2023","G","HEAT","G-HEAT",12.604,25.1,53,1.03698865967124,2.93,19.5084515413344
"118","M-8-16",0,"7/20/2023","E","AMB","E-AMB",16.964,26.4,53.1,1.03663275902499,2.93,26.25191717926
"119","M-8-17",0,"7/20/2023","E","AMB","E-AMB",9.367,26.4,53.1,1.03663275902499,2.93,14.4955027244829
"120","M-8-2",0,"7/20/2023","C","AMB","C-AMB",8.169,26.4,53.1,1.03663275902499,2.93,12.6415887430662
"121","M-8-20",0,"7/20/2023","E","HEAT","E-HEAT",9.014,25.1,53,1.03698865967124,2.93,13.9518551407163
"122","M-8-22",0,"7/20/2023","C","HEAT","C-HEAT",9.142,25.1,53,1.03698865967124,2.93,14.1499733410726
"123","M-8-23",0,"7/20/2023","I","HEAT","I-HEAT",9.368,25.1,53,1.03698865967124,2.93,14.4997757885767
"124","M-8-24",0,"7/20/2023","G","HEAT","G-HEAT",8.83,25.1,53,1.03698865967124,2.93,13.6670602277041
"125","M-8-25",0,"7/20/2023","E","HEAT","E-HEAT",10.196,25.1,53,1.03698865967124,2.93,15.7813528971315
"126","M-8-5",0,"7/20/2023","C","HEAT","C-HEAT",9.926,25.1,53,1.03698865967124,2.93,15.3634473182549
"127","M-8-6",0,"7/20/2023","I","AMB","I-AMB",10.138,26.4,53.1,1.03663275902499,2.93,15.6886310046768
"128","M-8-7",0,"7/20/2023","I","AMB","I-AMB",11.603,26.4,53.1,1.03663275902499,2.93,17.9557294877949
"129","M-9-1",0,"7/20/2023","C","AMB","C-AMB",9.531,26.4,53.1,1.03663275902499,2.93,14.7492939539924
"130","M-9-10",0,"7/20/2023","I","HEAT","I-HEAT",7.696,25.1,53,1.03698865967124,2.93,11.9118567964225
"131","M-9-11",0,"7/20/2023","G","AMB","G-AMB",7.185,26.4,53.1,1.03663275902499,2.93,11.1188413660094
"132","M-9-12",0,"7/20/2023","G","AMB","G-AMB",8.756,26.4,53.1,1.03663275902499,2.93,13.5499756438104
"133","M-9-15",0,"7/20/2023","G","HEAT","G-HEAT",7.384,25.1,53,1.03698865967124,2.93,11.428943683054
"134","M-9-16",0,"7/20/2023","E","AMB","E-AMB",9.509,26.4,53.1,1.03663275902499,2.93,14.7152487890582
"135","M-9-17",0,"7/20/2023","E","AMB","E-AMB",9.564,26.4,53.1,1.03663275902499,2.93,14.8003617013937
"136","M-9-2",0,"7/20/2023","C","AMB","C-AMB",8.95,26.4,53.1,1.03663275902499,2.93,13.8501920982302
"137","M-9-20",0,"7/20/2023","E","HEAT","E-HEAT",10.094,25.1,53,1.03698865967124,2.93,15.6234774562226
"138","M-9-22",0,"7/20/2023","C","HEAT","C-HEAT",9.819,25.1,53,1.03698865967124,2.93,15.1978328851446
"139","M-9-23",0,"7/20/2023","I","HEAT","I-HEAT",9.306,25.1,53,1.03698865967124,2.93,14.4038122852791
"140","M-9-24",0,"7/20/2023","G","HEAT","G-HEAT",10.187,25.1,53,1.03698865967124,2.93,15.7674227111689
"141","M-9-25",0,"7/20/2023","E","HEAT","E-HEAT",10.664,25.1,53,1.03698865967124,2.93,16.5057225671842
"142","M-9-5",0,"7/20/2023","C","HEAT","C-HEAT",9.447,25.1,53,1.03698865967124,2.93,14.6220518653591
"143","M-9-6",0,"7/20/2023","I","AMB","I-AMB",10.659,26.4,53.1,1.03663275902499,2.93,16.4948824106185
"144","M-9-7",0,"7/20/2023","I","AMB","I-AMB",8.649,26.4,53.1,1.03663275902499,2.93,13.3843923416305
"145","plug 1",0,"7/20/2023","PLUG",NA,"PLUG-NA",5.935,25.8,53,1.03675742541763,2.93,9.18506177362717
"146","plug 10",0,"7/20/2023","PLUG",NA,"PLUG-NA",6.179,25.8,53,1.03675742541763,2.93,9.56267846659516
"147","plug 2",0,"7/20/2023","PLUG",NA,"PLUG-NA",5.716,25.8,53,1.03675742541763,2.93,8.84613531559442
"148","plug 3",0,"7/20/2023","PLUG",NA,"PLUG-NA",5.333,25.8,53,1.03675742541763,2.93,8.25340091638647
"149","plug 4",0,"7/20/2023","PLUG",NA,"PLUG-NA",5.962,25.8,53,1.03675742541763,2.93,9.22684722735723
"150","plug 5",0,"7/20/2023","PLUG",NA,"PLUG-NA",5.62,25.8,53,1.03675742541763,2.93,8.69756481344308
"151","plug 6",0,"7/20/2023","PLUG",NA,"PLUG-NA",6.098,25.8,53,1.03675742541763,2.93,9.43732210540497
"152","plug 7",0,"7/20/2023","PLUG",NA,"PLUG-NA",5.268,25.8,53,1.03675742541763,2.93,8.15280630555483
"153","plug 8",0,"7/20/2023","PLUG",NA,"PLUG-NA",5.348,25.8,53,1.03675742541763,2.93,8.27661505734762
"154","plug 9",0,"7/20/2023","PLUG",NA,"PLUG-NA",5.852,25.8,53,1.03675742541763,2.93,9.05661019364216
"155","M-1-1",2,"9/14/2023","C","AMB","C-AMB",9.845,25.9,53.2,1.03687680644896,2.93,15.2371753186818
"156","M-1-10",2,"9/14/2023","I","HEAT","I-HEAT",8.63,25.7,53.1,1.03686704165391,2.93,13.3566424315441
"157","M-1-11",2,"9/14/2023","G","AMB","G-AMB",9.981,26.4,53,1.03655647448617,2.93,15.4450500402772
"158","M-1-12",2,"9/14/2023","G","AMB","G-AMB",9.241,26.4,53,1.03655647448617,2.93,14.2999406294161
"159","M-1-15",2,"9/14/2023","G","HEAT","G-HEAT",9.135,25.9,53.1,1.03680045521341,2.93,14.1377331690713
"160","M-1-16",2,"9/14/2023","E","AMB","E-AMB",11.028,25.7,53.2,1.03694341764527,2.93,17.0687132657218
"161","M-1-17",2,"9/14/2023","E","AMB","E-AMB",8.865,25.7,53.2,1.03694341764527,2.93,13.7209052503286
"162","M-1-2",2,"9/14/2023","C","AMB","C-AMB",8.971,25.9,53.2,1.03687680644896,2.93,13.8844794092326
"163","M-1-20",2,"9/14/2023","E","HEAT","E-HEAT",8.78,25.6,53.2,1.03697661752364,2.93,13.5895838573041
"164","M-1-22",2,"9/14/2023","C","HEAT","C-HEAT",8.699,25.8,53.1,1.03683378366202,2.93,13.4631971456276
"165","M-1-23",2,"9/14/2023","I","HEAT","I-HEAT",8.366,25.7,53.1,1.03686704165391,2.93,12.9480498936614
"166","M-1-24",2,"9/14/2023","G","HEAT","G-HEAT",7.563,25.9,53.1,1.03680045521341,2.93,11.7048359012245
"167","M-1-25",2,"9/14/2023","E","HEAT","E-HEAT",9.011,25.6,53.2,1.03697661752364,2.93,13.9471230225704
"168","M-1-5",2,"9/14/2023","C","HEAT","C-HEAT",10.489,25.8,53.1,1.03683378366202,2.93,16.2335297000216
"169","M-1-6",2,"9/14/2023","I","AMB","I-AMB",8.823,25.7,53.2,1.03694341764527,2.93,13.6558992694471
"170","M-1-7",2,"9/14/2023","I","AMB","I-AMB",8.82,25.7,53.2,1.03694341764527,2.93,13.6512559850985
"171","M-2-1",2,"9/14/2023","C","AMB","C-AMB",9.698,25.9,53.2,1.03687680644896,2.93,15.00966239112
"172","M-2-10",2,"9/14/2023","I","HEAT","I-HEAT",9.579,25.7,53.1,1.03686704165391,2.93,14.8254087893118
"173","M-2-11",2,"9/14/2023","G","AMB","G-AMB",9.885,26.4,53,1.03655647448617,2.93,15.2964953058952
"174","M-2-12",2,"9/14/2023","G","AMB","G-AMB",8.793,26.4,53,1.03655647448617,2.93,13.6066852023001
"175","M-2-15",2,"9/14/2023","G","HEAT","G-HEAT",8.956,25.9,53.1,1.03680045521341,2.93,13.8607047906078
"176","M-2-16",2,"9/14/2023","E","AMB","E-AMB",8.387,25.7,53.2,1.03694341764527,2.93,12.98107527744
"177","M-2-17",2,"9/14/2023","E","AMB","E-AMB",10.369,25.7,53.2,1.03694341764527,2.93,16.0487384704633
"178","M-2-2",2,"9/14/2023","C","AMB","C-AMB",8.803,25.9,53.2,1.03687680644896,2.93,13.6244646348762
"179","M-2-20",2,"9/14/2023","E","HEAT","E-HEAT",9.866,25.6,53.2,1.03697661752364,2.93,15.2704822706336
"180","M-2-22",2,"9/14/2023","C","HEAT","C-HEAT",9.614,25.8,53.1,1.03683378366202,2.93,14.8793168591865
"181","M-2-23",2,"9/14/2023","I","HEAT","I-HEAT",9.089,25.7,53.1,1.03686704165391,2.93,14.0670362758174
"182","M-2-24",2,"9/14/2023","G","HEAT","G-HEAT",8.512,25.9,53.1,1.03680045521341,2.93,13.1735506004526
"183","M-2-25",2,"9/14/2023","E","HEAT","E-HEAT",8.708,25.6,53.2,1.03697661752364,2.93,13.4781430785199
"184","M-2-5",2,"9/14/2023","C","HEAT","C-HEAT",8.427,25.8,53.1,1.03683378366202,2.93,13.0422304111051
"185","M-2-6",2,"9/14/2023","I","AMB","I-AMB",9.884,25.7,53.2,1.03694341764527,2.93,15.2980741674278
"186","M-2-7",2,"9/14/2023","I","AMB","I-AMB",8.215,25.7,53.2,1.03694341764527,2.93,12.7148603081161
"187","M-3-1",2,"9/14/2023","C","AMB","C-AMB",9.491,25.9,53.2,1.03687680644896,2.93,14.6892870441452
"188","M-3-10",2,"9/14/2023","I","HEAT","I-HEAT",8.471,25.7,53.1,1.03686704165391,2.93,13.1105582894102
"189","M-3-11",2,"9/14/2023","G","AMB","G-AMB",8.838,26.4,53,1.03655647448617,2.93,13.6763202340417
"190","M-3-12",2,"9/14/2023","G","AMB","G-AMB",8.349,26.4,53,1.03655647448617,2.93,12.9196195557834
"191","M-3-15",2,"9/14/2023","G","HEAT","G-HEAT",8.334,25.9,53.1,1.03680045521341,2.93,12.8980698665616
"192","M-3-16",2,"9/14/2023","E","AMB","E-AMB",8.717,25.7,53.2,1.03694341764527,2.93,13.491836555794
"193","M-3-17",2,"9/14/2023","E","AMB","E-AMB",8.576,25.7,53.2,1.03694341764527,2.93,13.2736021914064
"194","M-3-2",2,"9/14/2023","C","AMB","C-AMB",8.361,25.9,53.2,1.03687680644896,2.93,12.9403781452005
"195","M-3-20",2,"9/14/2023","E","HEAT","E-HEAT",8.259,25.6,53.2,1.03697661752364,2.93,12.7831859997124
"196","M-3-22",2,"9/14/2023","C","HEAT","C-HEAT",9.332,25.8,53.1,1.03683378366202,2.93,14.4428734064831
"197","M-3-23",2,"9/14/2023","I","HEAT","I-HEAT",9.134,25.7,53.1,1.03686704165391,2.93,14.1366827311383
"198","M-3-24",2,"9/14/2023","G","HEAT","G-HEAT",8.65,25.9,53.1,1.03680045521341,2.93,13.3871255514468
"199","M-3-25",2,"9/14/2023","E","HEAT","E-HEAT",8.963,25.6,53.2,1.03697661752364,2.93,13.8728291700475
"200","M-3-5",2,"9/14/2023","C","HEAT","C-HEAT",8.462,25.8,53.1,1.03683378366202,2.93,13.0963989247385
"201","M-3-6",2,"9/14/2023","I","AMB","I-AMB",10.143,25.7,53.2,1.03694341764527,2.93,15.6989443828632
"202","M-3-7",2,"9/14/2023","I","AMB","I-AMB",8.28,25.7,53.2,1.03694341764527,2.93,12.8154648023373
"203","M-4-1",2,"9/14/2023","C","AMB","C-AMB",8.337,25.9,53.2,1.03687680644896,2.93,12.9032331774353
"204","M-4-10",2,"9/14/2023","I","HEAT","I-HEAT",10.049,25.7,53.1,1.03686704165391,2.93,15.5528273226636
"205","M-4-11",2,"9/14/2023","G","AMB","G-AMB",10.077,26.4,53,1.03655647448617,2.93,15.5936047746592
"206","M-4-12",2,"9/14/2023","G","AMB","G-AMB",8.856,26.4,53,1.03655647448617,2.93,13.7041742467383
"207","M-4-15",2,"9/14/2023","G","HEAT","G-HEAT",10.659,25.9,53.1,1.03680045521341,2.93,16.4963434974418
"208","M-4-16",2,"9/14/2023","E","AMB","E-AMB",11.103,25.7,53.2,1.03694341764527,2.93,17.1847953744386
"209","M-4-17",2,"9/14/2023","E","AMB","E-AMB",8.842,25.7,53.2,1.03694341764527,2.93,13.6853067369887
"210","M-4-2",2,"9/14/2023","C","AMB","C-AMB",9.755,25.9,53.2,1.03687680644896,2.93,15.0978816895624
"211","M-4-20",2,"9/14/2023","E","HEAT","E-HEAT",9.221,25.6,53.2,1.03697661752364,2.93,14.2721586273578
"212","M-4-22",2,"9/14/2023","C","HEAT","C-HEAT",8.351,25.8,53.1,1.03683378366202,2.93,12.9246073529298
"213","M-4-23",2,"9/14/2023","I","HEAT","I-HEAT",9.668,25.7,53.1,1.03686704165391,2.93,14.9631540009465
"214","M-4-24",2,"9/14/2023","G","HEAT","G-HEAT",8.817,25.9,53.1,1.03680045521341,2.93,13.6455821950412
"215","M-4-25",2,"9/14/2023","E","HEAT","E-HEAT",8.483,25.6,53.2,1.03697661752364,2.93,13.129890644819
"216","M-4-5",2,"9/14/2023","C","HEAT","C-HEAT",10.584,25.8,53.1,1.03683378366202,2.93,16.3805585227408
"217","M-4-6",2,"9/14/2023","I","AMB","I-AMB",10.011,25.7,53.2,1.03694341764527,2.93,15.4946398715216
"218","M-4-7",2,"9/14/2023","I","AMB","I-AMB",8.533,25.7,53.2,1.03694341764527,2.93,13.2070484490754
"219","M-5-1",2,"9/14/2023","C","AMB","C-AMB",8.793,25.9,53.2,1.03687680644896,2.93,13.608987564974
"220","M-5-10",2,"9/14/2023","I","HEAT","I-HEAT",8.539,25.7,53.1,1.03686704165391,2.93,13.2158018218952
"221","M-5-11",2,"9/14/2023","G","AMB","G-AMB",9.799,26.4,53,1.03655647448617,2.93,15.1634150230114
"222","M-5-12",2,"9/14/2023","G","AMB","G-AMB",9.266,26.4,53,1.03655647448617,2.93,14.3386267581614
"223","M-5-15",2,"9/14/2023","G","HEAT","G-HEAT",7.775,25.9,53.1,1.03680045521341,2.93,12.0329365505779
"224","M-5-16",2,"9/14/2023","E","AMB","E-AMB",8.209,25.7,53.2,1.03694341764527,2.93,12.7055737394187
"225","M-5-17",2,"9/14/2023","E","AMB","E-AMB",11.276,25.7,53.2,1.03694341764527,2.93,17.4525581052121
"226","M-5-2",2,"9/14/2023","C","AMB","C-AMB",8.919,25.9,53.2,1.03687680644896,2.93,13.8039986457413
"227","M-5-20",2,"9/14/2023","E","HEAT","E-HEAT",9.411,25.6,53.2,1.03697661752364,2.93,14.5662384602607
"228","M-5-22",2,"9/14/2023","C","HEAT","C-HEAT",8.592,25.8,53.1,1.03683378366202,2.93,13.2975962610912
"229","M-5-23",2,"9/14/2023","I","HEAT","I-HEAT",11.952,25.7,53.1,1.03686704165391,2.93,18.4980985332347
"230","M-5-24",2,"9/14/2023","G","HEAT","G-HEAT",8.517,25.9,53.1,1.03680045521341,2.93,13.1812888233147
"231","M-5-25",2,"9/14/2023","E","HEAT","E-HEAT",8.89,25.6,53.2,1.03697661752364,2.93,13.759840602669
"232","M-5-5",2,"9/14/2023","C","HEAT","C-HEAT",9.582,25.8,53.1,1.03683378366202,2.93,14.8297913610074
"233","M-5-6",2,"9/14/2023","I","AMB","I-AMB",10.042,25.7,53.2,1.03694341764527,2.93,15.5426204764579
"234","M-5-7",2,"9/14/2023","I","AMB","I-AMB",9.376,25.7,53.2,1.03694341764527,2.93,14.5118113510525
"235","M-6-1",2,"9/14/2023","C","AMB","C-AMB",9.578,25.9,53.2,1.03687680644896,2.93,14.823937552294
"236","M-6-10",2,"9/14/2023","I","HEAT","I-HEAT",10.473,25.7,53.1,1.03686704165391,2.93,16.2090517016873
"237","M-6-11",2,"9/14/2023","G","AMB","G-AMB",9.37,26.4,53,1.03655647448617,2.93,14.4995610537419
"238","M-6-12",2,"9/14/2023","G","AMB","G-AMB",11.173,26.4,53,1.03655647448617,2.93,17.2896046588536
"239","M-6-15",2,"9/14/2023","G","HEAT","G-HEAT",8.638,25.9,53.1,1.03680045521341,2.93,13.3685538165777
"240","M-6-16",2,"9/14/2023","E","AMB","E-AMB",9.501,25.7,53.2,1.03694341764527,2.93,14.7052815322472
"241","M-6-17",2,"9/14/2023","E","AMB","E-AMB",10.802,25.7,53.2,1.03694341764527,2.93,16.7189191781217
"242","M-6-2",2,"9/14/2023","C","AMB","C-AMB",10.442,25.9,53.2,1.03687680644896,2.93,16.1611563918411
"243","M-6-20",2,"9/14/2023","E","HEAT","E-HEAT",9.716,25.6,53.2,1.03697661752364,2.93,15.0383139814997
"244","M-6-22",2,"9/14/2023","C","HEAT","C-HEAT",10.538,25.8,53.1,1.03683378366202,2.93,16.3093656191083
"245","M-6-23",2,"9/14/2023","I","HEAT","I-HEAT",10.194,25.7,53.1,1.03686704165391,2.93,15.7772436786976
"246","M-6-24",2,"9/14/2023","G","HEAT","G-HEAT",13.578,25.9,53.1,1.03680045521341,2.93,21.0139180043404
"247","M-6-25",2,"9/14/2023","E","HEAT","E-HEAT",10.291,25.6,53.2,1.03697661752364,2.93,15.9282924231796
"248","M-6-5",2,"9/14/2023","C","HEAT","C-HEAT",8.792,25.8,53.1,1.03683378366202,2.93,13.6071306247106
"249","M-6-6",2,"9/14/2023","I","AMB","I-AMB",10.366,25.7,53.2,1.03694341764527,2.93,16.0440951861146
"250","M-6-7",2,"9/14/2023","I","AMB","I-AMB",10.538,25.7,53.2,1.03694341764527,2.93,16.3103101554385
"251","M-7-1",2,"9/14/2023","C","AMB","C-AMB",8.759,25.9,53.2,1.03687680644896,2.93,13.5563655273067
"252","M-7-10",2,"9/14/2023","I","HEAT","I-HEAT",10.639,25.7,53.1,1.03686704165391,2.93,16.4659697368711
"253","M-7-11",2,"9/14/2023","G","AMB","G-AMB",10.263,26.4,53,1.03655647448617,2.93,15.8814295725243
"254","M-7-12",2,"9/14/2023","G","AMB","G-AMB",11.383,26.4,53,1.03655647448617,2.93,17.6145681403142
"255","M-7-15",2,"9/14/2023","G","HEAT","G-HEAT",9.733,25.9,53.1,1.03680045521341,2.93,15.0632246233794
"256","M-7-16",2,"9/14/2023","E","AMB","E-AMB",8.813,25.7,53.2,1.03694341764527,2.93,13.6404216549516
"257","M-7-17",2,"9/14/2023","E","AMB","E-AMB",10.227,25.7,53.2,1.03694341764527,2.93,15.8289563446261
"258","M-7-2",2,"9/14/2023","C","AMB","C-AMB",8.488,25.9,53.2,1.03687680644896,2.93,13.136936932958
"259","M-7-20",2,"9/14/2023","E","HEAT","E-HEAT",10.53,25.6,53.2,1.03697661752364,2.93,16.2982138971996
"260","M-7-22",2,"9/14/2023","C","HEAT","C-HEAT",9.687,25.8,53.1,1.03683378366202,2.93,14.9922969019076
"261","M-7-23",2,"9/14/2023","I","HEAT","I-HEAT",8.537,25.7,53.1,1.03686704165391,2.93,13.2127064238809
"262","M-7-24",2,"9/14/2023","G","HEAT","G-HEAT",10.126,25.9,53.1,1.03680045521341,2.93,15.6714489403411
"263","M-7-25",2,"9/14/2023","E","HEAT","E-HEAT",9.077,25.6,53.2,1.03697661752364,2.93,14.0492770697893
"264","M-7-5",2,"9/14/2023","C","HEAT","C-HEAT",10.869,25.8,53.1,1.03683378366202,2.93,16.8216449908985
"265","M-7-6",2,"9/14/2023","I","AMB","I-AMB",9.905,25.7,53.2,1.03694341764527,2.93,15.3305771578685
"266","M-7-7",2,"9/14/2023","I","AMB","I-AMB",8.996,25.7,53.2,1.03694341764527,2.93,13.9236620002206
"267","M-8-1",2,"9/14/2023","C","AMB","C-AMB",10.855,25.9,53.2,1.03687680644896,2.93,16.8003593788005
"268","M-8-10",2,"9/14/2023","I","HEAT","I-HEAT",11.207,25.7,53.1,1.03686704165391,2.93,17.3450627729218
"269","M-8-11",2,"9/14/2023","G","AMB","G-AMB",11.344,26.4,53,1.03655647448617,2.93,17.5542177794715
"270","M-8-12",2,"9/14/2023","G","AMB","G-AMB",10.908,26.4,53,1.03655647448617,2.93,16.8795316941533
"271","M-8-15",2,"9/14/2023","G","HEAT","G-HEAT",13.12,25.9,53.1,1.03680045521341,2.93,20.3050967901713
"272","M-8-16",2,"9/14/2023","E","AMB","E-AMB",18.058,25.7,53.2,1.03694341764527,2.93,27.949476256112
"273","M-8-17",2,"9/14/2023","E","AMB","E-AMB",10.246,25.7,53.2,1.03694341764527,2.93,15.8583638121677
"274","M-8-2",2,"9/14/2023","C","AMB","C-AMB",9.573,25.9,53.2,1.03687680644896,2.93,14.8161990173429
"275","M-8-20",2,"9/14/2023","E","HEAT","E-HEAT",9.55,25.6,53.2,1.03697661752364,2.93,14.7813810748582
"276","M-8-22",2,"9/14/2023","C","HEAT","C-HEAT",9.763,25.8,53.1,1.03683378366202,2.93,15.109919960083
"277","M-8-23",2,"9/14/2023","I","HEAT","I-HEAT",9.862,25.7,53.1,1.03686704165391,2.93,15.26340760833
"278","M-8-24",2,"9/14/2023","G","HEAT","G-HEAT",9.257,25.9,53.1,1.03680045521341,2.93,14.3265458069067
"279","M-8-25",2,"9/14/2023","E","HEAT","E-HEAT",10.953,25.6,53.2,1.03697661752364,2.93,16.9529284725572
"280","M-8-5",2,"9/14/2023","C","HEAT","C-HEAT",10.777,25.8,53.1,1.03683378366202,2.93,16.6792591836336
"281","M-8-6",2,"9/14/2023","I","AMB","I-AMB",10.992,25.7,53.2,1.03694341764527,2.93,17.0129938535377
"282","M-8-7",2,"9/14/2023","I","AMB","I-AMB",12.504,25.7,53.2,1.03694341764527,2.93,19.3532091652689
"283","M-9-1",2,"9/14/2023","C","AMB","C-AMB",9.765,25.9,53.2,1.03687680644896,2.93,15.1133587594645
"284","M-9-10",2,"9/14/2023","I","HEAT","I-HEAT",8.152,25.7,53.1,1.03686704165391,2.93,12.6168423061353
"285","M-9-11",2,"9/14/2023","G","AMB","G-AMB",7.652,26.4,53,1.03655647448617,2.93,11.8410502863642
"286","M-9-12",2,"9/14/2023","G","AMB","G-AMB",9.577,26.4,53,1.03655647448617,2.93,14.819882199753
"287","M-9-15",2,"9/14/2023","G","HEAT","G-HEAT",7.412,25.9,53.1,1.03680045521341,2.93,11.4711415707889
"288","M-9-16",2,"9/14/2023","E","AMB","E-AMB",9.946,25.7,53.2,1.03694341764527,2.93,15.3940353773004
"289","M-9-17",2,"9/14/2023","E","AMB","E-AMB",10.273,25.7,53.2,1.03694341764527,2.93,15.9001533713057
"290","M-9-2",2,"9/14/2023","C","AMB","C-AMB",9.34,25.9,53.2,1.03687680644896,2.93,14.4555832886225
"291","M-9-20",2,"9/14/2023","E","HEAT","E-HEAT",10.747,25.6,53.2,1.03697661752364,2.93,16.6340840221467
"292","M-9-22",2,"9/14/2023","C","HEAT","C-HEAT",10.431,25.8,53.1,1.03683378366202,2.93,16.1437647345719
"293","M-9-23",2,"9/14/2023","I","HEAT","I-HEAT",9.749,25.7,53.1,1.03686704165391,2.93,15.0885176205242
"294","M-9-24",2,"9/14/2023","G","HEAT","G-HEAT",10.904,25.9,53.1,1.03680045521341,2.93,16.8755164176851
"295","M-9-25",2,"9/14/2023","E","HEAT","E-HEAT",11.26,25.6,53.2,1.03697661752364,2.93,17.4280995709846
"296","M-9-5",2,"9/14/2023","C","HEAT","C-HEAT",10.168,25.8,53.1,1.03683378366202,2.93,15.7367270464124
"297","M-9-6",2,"9/14/2023","I","AMB","I-AMB",11.351,25.7,53.2,1.03694341764527,2.93,17.5686402139289
"298","M-9-7",2,"9/14/2023","I","AMB","I-AMB",9.043,25.7,53.2,1.03694341764527,2.93,13.9964067883498
"299","plug 1",2,"9/14/2023","PLUG",NA,"PLUG-NA",5.217,25.6,53.2,1.03697661752364,2.93,8.07481309607696
"300","plug 10",2,"9/14/2023","PLUG",NA,"PLUG-NA",5.903,25.6,53.2,1.03697661752364,2.93,9.13659607171599
"301","plug 2",2,"9/14/2023","PLUG",NA,"PLUG-NA",5.367,25.6,53.2,1.03697661752364,2.93,8.30698138521086
"302","plug 3",2,"9/14/2023","PLUG",NA,"PLUG-NA",6.035,25.6,53.2,1.03697661752364,2.93,9.34090416615382
"303","plug 4",2,"9/14/2023","PLUG",NA,"PLUG-NA",5.83,25.6,53.2,1.03697661752364,2.93,9.02360750433749
"304","plug 5",2,"9/14/2023","PLUG",NA,"PLUG-NA",5.992,25.6,53.2,1.03697661752364,2.93,9.2743492566021
"305","plug 6",2,"9/14/2023","PLUG",NA,"PLUG-NA",5.78,25.6,53.2,1.03697661752364,2.93,8.94621807462619
"306","plug 7",2,"9/14/2023","PLUG",NA,"PLUG-NA",5.669,25.6,53.2,1.03697661752364,2.93,8.77441354066711
"307","plug 8",2,"9/14/2023","PLUG",NA,"PLUG-NA",5.791,25.6,53.2,1.03697661752364,2.93,8.96324374916268
"308","plug 9",2,"9/14/2023","PLUG",NA,"PLUG-NA",5.839,25.6,53.2,1.03697661752364,2.93,9.03753760168553
"309","M-1-1",3,"10/6/2023","C","AMB","C-AMB",10.036,24.3,53.3,1.03747832037984,2.93,15.5377242525971
"310","M-1-10",3,"10/6/2023","I","HEAT","I-HEAT",8.684,25.7,53.2,1.03694341764527,2.93,13.4407604279586
"311","M-1-11",3,"10/6/2023","G","AMB","G-AMB",10.121,27.1,52.9,1.0362426538962,2.93,15.6590970120913
"312","M-1-12",3,"10/6/2023","G","AMB","G-AMB",9.406,27.1,52.9,1.0362426538962,2.93,14.5528570789182
"313","M-1-15",3,"10/6/2023","G","HEAT","G-HEAT",9.165,25.7,53.2,1.03694341764527,2.93,14.1852336851959
"314","M-1-16",3,"10/6/2023","E","AMB","E-AMB",11.389,25.9,52.9,1.03664776880249,2.93,17.6247026042768
"315","M-1-17",3,"10/6/2023","E","AMB","E-AMB",9.045,25.9,52.9,1.03664776880249,2.93,13.9973162749744
"316","M-1-2",3,"10/6/2023","C","AMB","C-AMB",9.108,24.3,53.3,1.03747832037984,2.93,14.1009956648719
"317","M-1-20",3,"10/6/2023","E","HEAT","E-HEAT",8.901,26.3,53,1.03659014176752,2.93,13.7740541946612
"318","M-1-22",3,"10/6/2023","C","HEAT","C-HEAT",8.714,26.3,53,1.03659014176752,2.93,13.4846768062328
"319","M-1-23",3,"10/6/2023","I","HEAT","I-HEAT",8.414,25.7,53.2,1.03694341764527,2.93,13.0228648365781
"320","M-1-24",3,"10/6/2023","G","HEAT","G-HEAT",7.59,25.7,53.2,1.03694341764527,2.93,11.7475094021426
"321","M-1-25",3,"10/6/2023","E","HEAT","E-HEAT",9.116,26.3,53,1.03659014176752,2.93,14.1067608177207
"322","M-1-5",3,"10/6/2023","C","HEAT","C-HEAT",10.5,26.3,53,1.03659014176752,2.93,16.2484629866243
"323","M-1-6",3,"10/6/2023","I","AMB","I-AMB",9.046,27.1,52.9,1.0362426538962,2.93,13.9958691405373
"324","M-1-7",3,"10/6/2023","I","AMB","I-AMB",8.982,27.1,52.9,1.0362426538962,2.93,13.8968490626029
"325","M-2-1",3,"10/6/2023","C","AMB","C-AMB",9.891,24.3,53.3,1.03747832037984,2.93,15.3132354107651
"326","M-2-10",3,"10/6/2023","I","HEAT","I-HEAT",9.797,25.7,53.2,1.03694341764527,2.93,15.1634189213163
"327","M-2-11",3,"10/6/2023","G","AMB","G-AMB",10.051,27.1,52.9,1.0362426538962,2.93,15.5507938018506
"328","M-2-12",3,"10/6/2023","G","AMB","G-AMB",8.896,27.1,52.9,1.0362426538962,2.93,13.7637908328786
"329","M-2-15",3,"10/6/2023","G","HEAT","G-HEAT",9.036,25.7,53.2,1.03694341764527,2.93,13.9855724582029
"330","M-2-16",3,"10/6/2023","E","AMB","E-AMB",8.594,25.9,52.9,1.03664776880249,2.93,13.299384860932
"331","M-2-17",3,"10/6/2023","E","AMB","E-AMB",10.719,25.9,52.9,1.03664776880249,2.93,16.5878643616861
"332","M-2-2",3,"10/6/2023","C","AMB","C-AMB",8.982,25.7,53.2,1.03694341764527,2.93,13.9019933399268
"333","M-2-20",3,"10/6/2023","E","HEAT","E-HEAT",10.109,26.3,53,1.03659014176752,2.93,15.6434011744557
"334","M-2-22",3,"10/6/2023","C","HEAT","C-HEAT",9.756,26.3,53,1.03659014176752,2.93,15.0971433235721
"335","M-2-23",3,"10/6/2023","I","HEAT","I-HEAT",9.162,25.7,53.2,1.03694341764527,2.93,14.1805904008472
"336","M-2-24",3,"10/6/2023","G","HEAT","G-HEAT",8.601,25.7,53.2,1.03694341764527,2.93,13.3122962276453
"337","M-2-25",3,"10/6/2023","E","HEAT","E-HEAT",8.773,26.3,53,1.03659014176752,2.93,13.5759776934909
"338","M-2-5",3,"10/6/2023","C","HEAT","C-HEAT",8.478,26.3,53,1.03659014176752,2.93,13.1194732572001
"339","M-2-6",3,"10/6/2023","I","AMB","I-AMB",10.102,27.1,52.9,1.0362426538962,2.93,15.6297004264545
"340","M-2-7",3,"10/6/2023","I","AMB","I-AMB",8.346,27.1,52.9,1.0362426538962,2.93,12.91283703813
"341","M-3-1",3,"10/6/2023","C","AMB","C-AMB",9.663,24.3,53.3,1.03747832037984,2.93,14.9602460594705
"342","M-3-10",3,"10/6/2023","I","HEAT","I-HEAT",8.579,25.7,53.2,1.03694341764527,2.93,13.2782454757551
"343","M-3-11",3,"10/6/2023","G","AMB","G-AMB",8.958,27.1,52.9,1.0362426538962,2.93,13.8597165333775
"344","M-3-12",3,"10/6/2023","G","AMB","G-AMB",8.415,27.1,52.9,1.0362426538962,2.93,13.019593059653
"345","M-3-15",3,"10/6/2023","G","HEAT","G-HEAT",8.373,25.7,53.2,1.03694341764527,2.93,12.9594066171462
"346","M-3-16",3,"10/6/2023","E","AMB","E-AMB",8.876,25.9,52.9,1.03664776880249,2.93,13.7357854346791
"347","M-3-17",3,"10/6/2023","E","AMB","E-AMB",8.673,25.9,52.9,1.03664776880249,2.93,13.4216389223718
"348","M-3-2",3,"10/6/2023","C","AMB","C-AMB",8.493,25.7,53.2,1.03694341764527,2.93,13.1451379910931
"349","M-3-20",3,"10/6/2023","E","HEAT","E-HEAT",8.393,26.3,53,1.03659014176752,2.93,12.9879380806417
"350","M-3-22",3,"10/6/2023","C","HEAT","C-HEAT",9.432,26.3,53,1.03659014176752,2.93,14.5957621799848
"351","M-3-23",3,"10/6/2023","I","HEAT","I-HEAT",9.247,25.7,53.2,1.03694341764527,2.93,14.3121501240596
"352","M-3-24",3,"10/6/2023","G","HEAT","G-HEAT",8.689,25.7,53.2,1.03694341764527,2.93,13.4484992352064
"353","M-3-25",3,"10/6/2023","E","HEAT","E-HEAT",9.105,26.3,53,1.03659014176752,2.93,14.0897386184014
"354","M-3-5",3,"10/6/2023","C","HEAT","C-HEAT",8.572,26.3,53,1.03659014176752,2.93,13.264935687747
"355","M-3-6",3,"10/6/2023","I","AMB","I-AMB",10.433,27.1,52.9,1.0362426538962,2.93,16.1418198920214
"356","M-3-7",3,"10/6/2023","I","AMB","I-AMB",8.44,27.1,52.9,1.0362426538962,2.93,13.0582727775961
"357","M-4-1",3,"10/6/2023","C","AMB","C-AMB",8.381,25.9,52.9,1.03664776880249,2.93,12.9697631509741
"358","M-4-10",3,"10/6/2023","I","HEAT","I-HEAT",10.029,25.7,53.2,1.03694341764527,2.93,15.5224995776137
"359","M-4-11",3,"10/6/2023","G","AMB","G-AMB",10.149,27.1,52.9,1.0362426538962,2.93,15.7024182961876
"360","M-4-12",3,"10/6/2023","G","AMB","G-AMB",8.928,27.1,52.9,1.0362426538962,2.93,13.8133008718458
"361","M-4-15",3,"10/6/2023","G","HEAT","G-HEAT",10.686,25.7,53.2,1.03694341764527,2.93,16.539378849973
"362","M-4-16",3,"10/6/2023","E","AMB","E-AMB",11.233,24.3,53.3,1.03747832037984,2.93,17.3909183468935
"363","M-4-17",3,"10/6/2023","E","AMB","E-AMB",9.014,24.3,53.3,1.03747832037984,2.93,13.9554649674084
"364","M-4-2",3,"10/6/2023","C","AMB","C-AMB",9.814,25.7,53.2,1.03694341764527,2.93,15.1897308659588
"365","M-4-20",3,"10/6/2023","E","HEAT","E-HEAT",9.304,26.3,53,1.03659014176752,2.93,14.3976856788145
"366","M-4-22",3,"10/6/2023","C","HEAT","C-HEAT",8.325,26.3,53,1.03659014176752,2.93,12.882709939395
"367","M-4-23",3,"10/6/2023","I","HEAT","I-HEAT",9.726,25.7,53.2,1.03694341764527,2.93,15.0535278583977
"368","M-4-24",3,"10/6/2023","G","HEAT","G-HEAT",8.852,25.7,53.2,1.03694341764527,2.93,13.7007843514843
"369","M-4-25",3,"10/6/2023","E","HEAT","E-HEAT",8.576,26.3,53,1.03659014176752,2.93,13.2711255784086
"370","M-4-5",3,"10/6/2023","C","HEAT","C-HEAT",8.804,26.3,53,1.03659014176752,2.93,13.6239493461181
"371","M-4-6",3,"10/6/2023","I","AMB","I-AMB",10.106,27.1,52.9,1.0362426538962,2.93,15.6358891813254
"372","M-4-7",3,"10/6/2023","I","AMB","I-AMB",8.632,27.1,52.9,1.0362426538962,2.93,13.3553330113993
"373","M-5-1",3,"10/6/2023","C","AMB","C-AMB",8.985,25.9,52.9,1.03664776880249,2.93,13.9044650890708
"374","M-5-10",3,"10/6/2023","I","HEAT","I-HEAT",8.606,25.7,53.2,1.03694341764527,2.93,13.3200350348931
"375","M-5-11",3,"10/6/2023","G","AMB","G-AMB",9.986,27.1,52.9,1.0362426538962,2.93,15.4502265351985
"376","M-5-12",3,"10/6/2023","G","AMB","G-AMB",9.452,27.1,52.9,1.0362426538962,2.93,14.6240277599335
"377","M-5-15",3,"10/6/2023","G","HEAT","G-HEAT",7.909,25.7,53.2,1.03694341764527,2.93,12.2412453045514
"378","M-5-16",3,"10/6/2023","E","AMB","E-AMB",8.361,24.3,53.3,1.03747832037984,2.93,12.9444910797095
"379","M-5-17",3,"10/6/2023","E","AMB","E-AMB",11.595,24.3,53.3,1.03747832037984,2.93,17.9513663520191
"380","M-5-2",3,"10/6/2023","C","AMB","C-AMB",9.11,25.9,52.9,1.03664776880249,2.93,14.0979050597034
"381","M-5-20",3,"10/6/2023","E","HEAT","E-HEAT",9.595,26.3,53,1.03659014176752,2.93,14.8480002244438
"382","M-5-22",3,"10/6/2023","C","HEAT","C-HEAT",8.729,26.3,53,1.03659014176752,2.93,13.5078888962137
"383","M-5-23",3,"10/6/2023","I","HEAT","I-HEAT",12.079,25.7,53.2,1.03694341764527,2.93,18.6954105492069
"384","M-5-24",3,"10/6/2023","G","HEAT","G-HEAT",8.646,25.7,53.2,1.03694341764527,2.93,13.3819454928754
"385","M-5-25",3,"10/6/2023","E","HEAT","E-HEAT",9.063,26.3,53,1.03659014176752,2.93,14.0247447664549
"386","M-5-5",3,"10/6/2023","C","HEAT","C-HEAT",9.659,26.3,53,1.03659014176752,2.93,14.947038475029
"387","M-5-6",3,"10/6/2023","I","AMB","I-AMB",10.291,27.1,52.9,1.0362426538962,2.93,15.9221190941045
"388","M-5-7",3,"10/6/2023","I","AMB","I-AMB",9.685,27.1,52.9,1.0362426538962,2.93,14.9845227311634
"389","M-6-1",3,"10/6/2023","C","AMB","C-AMB",9.585,25.9,52.9,1.03664776880249,2.93,14.8329769481072
"390","M-6-11",3,"10/6/2023","G","AMB","G-AMB",9.4,27.1,52.9,1.0362426538962,2.93,14.5435739466118
"391","M-6-12",3,"10/6/2023","G","AMB","G-AMB",11.308,27.1,52.9,1.0362426538962,2.93,17.4956100200305
"392","M-6-16",3,"10/6/2023","E","AMB","E-AMB",9.639,24.3,53.3,1.03747832037984,2.93,14.92308928565
"393","M-6-17",3,"10/6/2023","E","AMB","E-AMB",11.188,24.3,53.3,1.03747832037984,2.93,17.3212493959801
"394","M-6-2",3,"10/6/2023","C","AMB","C-AMB",10.572,25.9,52.9,1.03664776880249,2.93,16.3603789562222
"395","M-6-20",3,"10/6/2023","E","HEAT","E-HEAT",9.764,26.3,53,1.03659014176752,2.93,15.1095231048952
"396","M-6-23",3,"10/6/2023","I","HEAT","I-HEAT",10.228,25.7,53.2,1.03694341764527,2.93,15.8305041060756
"397","M-6-25",3,"10/6/2023","E","HEAT","E-HEAT",10.289,26.3,53,1.03659014176752,2.93,15.9219462542264
"398","M-6-6",3,"10/6/2023","I","AMB","I-AMB",10.533,27.1,52.9,1.0362426538962,2.93,16.2965387637939
"399","M-6-7",3,"10/6/2023","I","AMB","I-AMB",10.699,27.1,52.9,1.0362426538962,2.93,16.5533720909362
"400","M-7-1",3,"10/6/2023","C","AMB","C-AMB",8.861,24.3,53.3,1.03747832037984,2.93,13.7185905343028
"401","M-7-10",3,"10/6/2023","I","HEAT","I-HEAT",10.709,25.7,53.2,1.03694341764527,2.93,16.5749773633129
"402","M-7-11",3,"10/6/2023","G","AMB","G-AMB",10.382,24.3,53.3,1.03747832037984,2.93,16.0734010751757
"403","M-7-12",3,"10/6/2023","G","AMB","G-AMB",11.513,24.3,53.3,1.03747832037984,2.93,17.8244140414658
"404","M-7-16",3,"10/6/2023","E","AMB","E-AMB",8.89,27.1,52.9,1.0362426538962,2.93,13.7545077005723
"405","M-7-17",3,"10/6/2023","E","AMB","E-AMB",10.237,27.1,52.9,1.0362426538962,2.93,15.8385709033474
"406","M-7-2",3,"10/6/2023","C","AMB","C-AMB",8.596,24.3,53.3,1.03747832037984,2.93,13.3083178233684
"407","M-7-20",3,"10/6/2023","E","HEAT","E-HEAT",10.529,25.7,53.2,1.03694341764527,2.93,16.2963803023925
"408","M-7-22",3,"10/6/2023","C","HEAT","C-HEAT",9.717,26.3,53,1.03659014176752,2.93,15.0367918896217
"409","M-7-25",3,"10/6/2023","E","HEAT","E-HEAT",9.206,25.7,53.2,1.03694341764527,2.93,14.2486919046277
"410","M-7-5",3,"10/6/2023","C","HEAT","C-HEAT",10.871,26.3,53,1.03659014176752,2.93,16.822575345485
"411","M-7-6",3,"10/6/2023","I","AMB","I-AMB",9.943,27.1,52.9,1.0362426538962,2.93,15.3836974203363
"412","M-7-7",3,"10/6/2023","I","AMB","I-AMB",9.074,27.1,52.9,1.0362426538962,2.93,14.0391904246336
"413","M-8-1",3,"10/6/2023","C","AMB","C-AMB",11.097,24.3,53.3,1.03747832037984,2.93,17.1803632952441
"414","M-8-10",3,"10/6/2023","I","HEAT","I-HEAT",11.5,25.7,53.2,1.03694341764527,2.93,17.799256669913
"415","M-8-11",3,"10/6/2023","G","AMB","G-AMB",11.642,24.3,53.3,1.03747832037984,2.93,18.0241317007509
"416","M-8-12",3,"10/6/2023","G","AMB","G-AMB",11.1,24.3,53.3,1.03747832037984,2.93,17.1850078919717
"417","M-8-15",3,"10/6/2023","G","HEAT","G-HEAT",13.387,26.3,53,1.03659014176752,2.93,20.7160165716133
"418","M-8-16",3,"10/6/2023","E","AMB","E-AMB",18.507,27.1,52.9,1.0362426538962,2.93,28.6338215989303
"419","M-8-17",3,"10/6/2023","E","AMB","E-AMB",10.611,27.1,52.9,1.0362426538962,2.93,16.4172194837764
"420","M-8-2",3,"10/6/2023","C","AMB","C-AMB",9.722,25.7,53.2,1.03694341764527,2.93,15.0473368125995
"421","M-8-20",3,"10/6/2023","E","HEAT","E-HEAT",9.756,25.7,53.2,1.03694341764527,2.93,15.0999607018844
"422","M-8-22",3,"10/6/2023","C","HEAT","C-HEAT",9.942,26.3,53,1.03659014176752,2.93,15.3849732393351
"423","M-8-23",3,"10/6/2023","I","HEAT","I-HEAT",10.056,25.7,53.2,1.03694341764527,2.93,15.5642891367517
"424","M-8-24",3,"10/6/2023","G","HEAT","G-HEAT",9.427,26.3,53,1.03659014176752,2.93,14.5880248166578
"425","M-8-25",3,"10/6/2023","E","HEAT","E-HEAT",11.383,25.7,53.2,1.03694341764527,2.93,17.6181685803147
"426","M-8-5",3,"10/6/2023","C","HEAT","C-HEAT",10.975,26.3,53,1.03659014176752,2.93,16.9835125026859
"427","M-8-6",3,"10/6/2023","I","AMB","I-AMB",11.255,27.1,52.9,1.0362426538962,2.93,17.4136090179911
"428","M-8-7",3,"10/6/2023","I","AMB","I-AMB",12.798,27.1,52.9,1.0362426538962,2.93,19.8009212094402
"429","M-9-1",3,"10/6/2023","C","AMB","C-AMB",9.764,24.3,53.3,1.03747832037984,2.93,15.1166141492984
"430","M-9-10",3,"10/6/2023","I","HEAT","I-HEAT",8.298,25.7,53.2,1.03694341764527,2.93,12.8433245084294
"431","M-9-11",3,"10/6/2023","G","AMB","G-AMB",7.781,24.3,53.3,1.03747832037984,2.93,12.0465357123812
"432","M-9-12",3,"10/6/2023","G","AMB","G-AMB",9.854,24.3,53.3,1.03747832037984,2.93,15.2559520511252
"433","M-9-15",3,"10/6/2023","G","HEAT","G-HEAT",7.503,26.3,53,1.03659014176752,2.93,11.6106874084421
"434","M-9-16",3,"10/6/2023","E","AMB","E-AMB",10.155,27.1,52.9,1.0362426538962,2.93,15.7117014284939
"435","M-9-17",3,"10/6/2023","E","AMB","E-AMB",10.545,27.1,52.9,1.0362426538962,2.93,16.3151050284066
"436","M-9-2",3,"10/6/2023","C","AMB","C-AMB",9.457,24.3,53.3,1.03747832037984,2.93,14.6413170841781
"437","M-9-20",3,"10/6/2023","E","HEAT","E-HEAT",10.939,25.7,53.2,1.03694341764527,2.93,16.9309624967111
"438","M-9-22",3,"10/6/2023","C","HEAT","C-HEAT",10.631,26.3,53,1.03659014176752,2.93,16.4511819057908
"439","M-9-23",3,"10/6/2023","I","HEAT","I-HEAT",9.947,25.7,53.2,1.03694341764527,2.93,15.3955831387499
"440","M-9-24",3,"10/6/2023","G","HEAT","G-HEAT",11.17,26.3,53,1.03659014176752,2.93,17.2852696724375
"441","M-9-25",3,"10/6/2023","E","HEAT","E-HEAT",11.514,25.7,53.2,1.03694341764527,2.93,17.8209253302068
"442","M-9-5",3,"10/6/2023","C","HEAT","C-HEAT",10.378,26.3,53,1.03659014176752,2.93,16.0596713214464
"443","M-9-6",3,"10/6/2023","I","AMB","I-AMB",11.592,27.1,52.9,1.0362426538962,2.93,17.9350116158643
"444","M-9-7",3,"10/6/2023","I","AMB","I-AMB",9.174,27.1,52.9,1.0362426538962,2.93,14.1939092964061
"445","plug 1",3,"10/6/2023","PLUG",NA,"PLUG-NA",5.835,26,53.1,1.03676705639105,2.93,9.03034677149126
"446","plug 10",3,"10/6/2023","PLUG",NA,"PLUG-NA",6.079,26,53.1,1.03676705639105,2.93,9.4079653854148
"447","plug 2",3,"10/6/2023","PLUG",NA,"PLUG-NA",6.026,26,53.1,1.03676705639105,2.93,9.32594167009534
"448","plug 3",3,"10/6/2023","PLUG",NA,"PLUG-NA",5.795,26,53.1,1.03676705639105,2.93,8.96844208068412
"449","plug 4",3,"10/6/2023","PLUG",NA,"PLUG-NA",5.986,26,53.1,1.03676705639105,2.93,9.2640369792882
"450","plug 5",3,"10/6/2023","PLUG",NA,"PLUG-NA",5.945,26,53.1,1.03676705639105,2.93,9.20058467121089
"451","plug 6",3,"10/6/2023","PLUG",NA,"PLUG-NA",5.505,26,53.1,1.03676705639105,2.93,8.51963307233237
"452","plug 7",3,"10/6/2023","PLUG",NA,"PLUG-NA",5.839,26,53.1,1.03676705639105,2.93,9.03653724057197
"453","plug 8",3,"10/6/2023","PLUG",NA,"PLUG-NA",6.228,26,53.1,1.03676705639105,2.93,9.63856035867139
"454","plug 9",3,"10/6/2023","PLUG",NA,"PLUG-NA",6.338,26,53.1,1.03676705639105,2.93,9.80879825839102
"455","std 1",0,"7/20/2023","STD.1",NA,"STD.1-NA",16.069,26.4,53.1,1.03663275902499,2.71,26.0235702801417
"456","std 1",0,"7/20/2023","STD.2",NA,"STD.2-NA",16.056,25.8,53,1.03675742541763,2.71,26.0044542620249
"457","std 2",0,"7/20/2023","STD.1",NA,"STD.1-NA",16.075,26.4,53.1,1.03663275902499,2.71,26.0332872147164
"458","std 2",0,"7/20/2023","STD.2",NA,"STD.2-NA",16.074,25.8,53,1.03675742541763,2.71,26.033607237655
"459","std 3",0,"7/20/2023","STD.1",NA,"STD.1-NA",16.087,26.4,53.1,1.03663275902499,2.71,26.0527210838658
"460","std 3",0,"7/20/2023","STD.2",NA,"STD.2-NA",16.081,25.8,53,1.03675742541763,2.71,26.0449445059556
"461","std 1",2,"9/14/2023","STD.1",NA,"STD.1-NA",16.067,26.5,53.2,1.03667528730882,2.71,26.0209926201191
"462","std 1",2,"9/14/2023","STD.2",NA,"STD.2-NA",16.074,25.6,53.2,1.03697661752364,2.71,26.037018045452
"463","std 2",2,"9/14/2023","STD.1",NA,"STD.1-NA",16.081,26.5,53.2,1.03667528730882,2.71,26.0436660437004
"464","std 2",2,"9/14/2023","STD.2",NA,"STD.2-NA",16.076,25.6,53.2,1.03697661752364,2.71,26.0402576893546
"465","std 3",2,"9/14/2023","STD.1",NA,"STD.1-NA",16.089,26.5,53.2,1.03667528730882,2.71,26.0566222857469
"466","std 3",2,"9/14/2023","STD.2",NA,"STD.2-NA",16.086,25.6,53.2,1.03697661752364,2.71,26.0564559088678
"467","std 1",3,"10/6/2023","STD.1",NA,"STD.1-NA",9.836,27.1,52.9,1.0362426538962,2.71,15.9255820815659
"468","std 1",3,"10/6/2023","STD.2",NA,"STD.2-NA",9.896,26,53.1,1.03676705639105,2.71,16.0277504112228
"469","std 2",3,"10/6/2023","STD.1",NA,"STD.1-NA",9.748,27.1,52.9,1.0362426538962,2.71,15.7831002573307
"470","std 2",3,"10/6/2023","STD.2",NA,"STD.2-NA",9.786,26,53.1,1.03676705639105,2.71,15.8495923124724
"471","std 3",3,"10/6/2023","STD.1",NA,"STD.1-NA",9.809,27.1,52.9,1.0362426538962,2.71,15.8818660673119
"472","std 3",3,"10/6/2023","STD.2",NA,"STD.2-NA",9.87,26,53.1,1.03676705639105,2.71,15.9856403151546
